Data,Produto,Categoria,Região,Vendedor,Vendas,Quantidade,Custo,Lucro,Cidade,Latitude,Longitude
2025-05-10,Mouse,Armazenamento,Oeste,Carla Dias,3294,23,840.3750163287294,2453.62,Desconhecida,,
2025-12-31,Memória RAM,Informática,Sul,Bruno Costa,3737,10,2433.0020558508018,1304.0,Joinville,-26.284763,-48.889282
2025-11-10,Memória RAM,Periféricos,Sul,Diego Lima,226,27,509.8277882838388,-283.83,Maringá,-23.372938,-51.907186
2023-05-02,Teclado,Informática,Oeste,Carla Dias,9157,18,4805.313816268558,4351.69,Desconhecida,,
2024-04-11,Memória RAM,Periféricos,Leste,Ana Silva,9109,26,767.9542312505677,8341.05,Desconhecida,,
2023-11-27,Headphone,Informática,Sul,Eva Santos,6703,13,5637.571981803474,1065.4300000000003,Porto Alegre,-30.020213,-51.185424
2023-03-29,Webcam,Armazenamento,Sul,Bruno Costa,8447,26,496.9255320071161,7950.07,Blumenau,-26.925059,-49.093376
2025-05-21,SSD,Informática,Norte,Eva Santos,6844,18,549.7264468246867,6294.27,Manaus,-3.162618,-59.988937
2023-05-11,Teclado,Informática,Leste,Carla Dias,3023,3,2498.181120343469,524.8200000000002,Desconhecida,,
2025-02-08,Webcam,Informática,Norte,Ana Silva,3496,26,7180.846477756678,-3684.85,Macapá,0.020353,-51.02233
2023-12-10,Webcam,Armazenamento,Norte,Diego Lima,7174,28,5159.834529888667,2014.17,Macapá,0.062738,-51.099936
2025-03-16,Headset,Informática,Leste,Eva Santos,3298,23,6179.4398320770415,-2881.44,Desconhecida,,
2024-01-21,Teclado,Armazenamento,Leste,Diego Lima,11490,3,1201.09270705868,10288.91,Desconhecida,,
2025-08-13,Memória RAM,Periféricos,Oeste,Ana Silva,9807,23,6686.273431318187,3120.73,Desconhecida,,
2023-10-04,SSD,Informática,Leste,Eva Santos,10929,25,144.5182856983424,10784.48,Desconhecida,,
2024-04-04,Teclado,Armazenamento,Sul,Diego Lima,394,27,1767.4142178054085,-1373.41,Blumenau,-26.922444,-49.097153
2023-01-22,Memória RAM,Armazenamento,Leste,Diego Lima,2775,26,4959.451183507948,-2184.45,Desconhecida,,
2023-09-10,Webcam,Informática,Oeste,Eva Santos,3999,12,3051.951556064879,947.0500000000002,Desconhecida,,
2025-01-17,SSD,Periféricos,Oeste,Ana Silva,9747,27,7874.811662411023,1872.19,Desconhecida,,
2025-05-06,Memória RAM,Armazenamento,Oeste,Diego Lima,9323,20,320.28683480108043,9002.71,Desconhecida,,
2024-04-19,Headphone,Informática,Leste,Carla Dias,7887,7,7988.897490057422,-101.89999999999964,Desconhecida,,
2025-12-18,Memória RAM,Periféricos,Leste,Eva Santos,8483,25,5019.132436261623,3463.87,Desconhecida,,
2024-05-25,Headset,Armazenamento,Norte,Bruno Costa,1042,24,4504.959397201084,-3462.96,Belém,-1.491825,-48.520209
2024-11-30,Webcam,Armazenamento,Norte,Bruno Costa,5637,8,551.338545106677,5085.66,Boa Vista,2.774236,-60.647108
2025-09-02,Memória RAM,Periféricos,Sul,Ana Silva,7401,9,2244.764703193854,5156.24,Maringá,-23.399983,-51.905227
2023-07-09,Mouse,Periféricos,Norte,Carla Dias,7460,14,7403.328491269438,56.67000000000007,Boa Vista,2.819392,-60.668926
2025-08-15,Mouse,Informática,Sul,Diego Lima,2549,5,2885.6283452588145,-336.6300000000001,Curitiba,-25.466947,-49.25646
2024-11-17,Headset,Informática,Oeste,Bruno Costa,4790,21,5320.293347700627,-530.29,Desconhecida,,
2025-08-15,Headphone,Armazenamento,Norte,Ana Silva,3110,19,7996.011095316276,-4886.01,Manaus,-3.0925,-60.008228
2024-07-16,Webcam,Periféricos,Leste,Carla Dias,10541,21,2163.512133561646,8377.49,Desconhecida,,
2025-04-11,Teclado,Periféricos,Norte,Carla Dias,7475,16,4642.56056179479,2832.44,Rio Branco,-10.022318,-67.831228
2024-10-08,Headset,Periféricos,Sul,Ana Silva,1619,24,5595.787318201528,-3976.79,Florianópolis,-27.623942,-48.557147
2023-01-21,Headphone,Armazenamento,Norte,Ana Silva,11042,12,1383.847792798088,9658.15,Palmas,-10.275706,-48.36847
2025-04-20,Teclado,Periféricos,Oeste,Diego Lima,11347,21,1257.486704473762,10089.51,Desconhecida,,
2023-06-16,Mouse,Periféricos,Leste,Ana Silva,3524,4,3693.958660332733,-169.96000000000004,Desconhecida,,
2024-01-23,Mouse,Armazenamento,Sul,Diego Lima,8997,8,3135.635172333572,5861.360000000001,Maringá,-23.39211,-51.916869
2024-08-23,Teclado,Informática,Leste,Diego Lima,11110,7,5736.5862599099255,5373.41,Desconhecida,,
2023-11-12,Headset,Informática,Leste,Eva Santos,8384,15,630.509469872803,7753.49,Desconhecida,,
2023-01-14,Mouse,Armazenamento,Sul,Carla Dias,10653,6,7779.559660026268,2873.44,Curitiba,-25.406164,-49.277112
2023-08-30,Webcam,Periféricos,Leste,Carla Dias,8073,5,193.07369495179228,7879.93,Desconhecida,,
2025-02-15,SSD,Armazenamento,Leste,Carla Dias,5272,14,4842.429248742317,429.5699999999997,Desconhecida,,
2024-07-18,Memória RAM,Informática,Norte,Eva Santos,10002,21,4536.050159269716,5465.95,Manaus,-3.124384,-60.033598
2025-06-16,Teclado,Informática,Leste,Diego Lima,5537,13,1146.948588488228,4390.05,Desconhecida,,
2023-04-02,Teclado,Armazenamento,Leste,Diego Lima,7781,10,1275.254583091156,6505.75,Desconhecida,,
2025-08-13,Mouse,Armazenamento,Leste,Ana Silva,7376,18,6358.005703333444,1017.9899999999998,Desconhecida,,
2024-05-23,Headset,Informática,Leste,Eva Santos,5258,29,7109.49467062845,-1851.49,Desconhecida,,
2025-02-14,Webcam,Armazenamento,Sul,Ana Silva,2374,4,2321.494369799455,52.51000000000022,Joinville,-26.257582,-48.820825
2023-02-04,Headset,Informática,Oeste,Eva Santos,2260,8,3548.674594583542,-1288.67,Desconhecida,,
2023-07-25,Headphone,Armazenamento,Norte,Ana Silva,1107,24,2891.5607250237604,-1784.56,Belém,-1.478576,-48.530561
2025-10-22,Headphone,Armazenamento,Leste,Bruno Costa,7296,11,654.572342854283,6641.43,Desconhecida,,
2025-10-18,SSD,Armazenamento,Leste,Carla Dias,710,17,5411.77762844521,-4701.78,Desconhecida,,
2024-07-19,Mouse,Informática,Sul,Carla Dias,9672,18,6615.528043661066,3056.4700000000003,Maringá,-23.452823,-51.897639
2024-12-03,Mouse,Armazenamento,Oeste,Diego Lima,7563,21,2494.64451053836,5068.360000000001,Desconhecida,,
2024-02-06,Mouse,Informática,Leste,Bruno Costa,1462,25,7922.192285555288,-6460.19,Desconhecida,,
2024-12-30,SSD,Informática,Sul,Carla Dias,1971,26,680.744333676251,1290.26,Caxias do Sul,-29.15939,-51.164415
2023-06-11,Headphone,Armazenamento,Norte,Diego Lima,11344,11,5321.382453411005,6022.62,Boa Vista,2.815081,-60.721639
2023-07-21,Headset,Armazenamento,Norte,Bruno Costa,11745,16,3629.9658750466247,8115.030000000001,Manaus,-3.119601,-60.038714
2025-09-22,SSD,Informática,Leste,Carla Dias,5796,12,3617.0870567647135,2178.91,Desconhecida,,
2023-09-27,SSD,Informática,Leste,Ana Silva,5095,13,3704.553278985639,1390.4499999999998,Desconhecida,,
2025-03-26,Headset,Periféricos,Oeste,Eva Santos,5524,27,2128.759648507313,3395.24,Desconhecida,,
2024-03-31,Mouse,Informática,Oeste,Bruno Costa,2801,16,5747.257592471281,-2946.26,Desconhecida,,
2025-10-13,Webcam,Periféricos,Leste,Diego Lima,10156,23,5794.886086593413,4361.11,Desconhecida,,
2023-10-23,Headset,Periféricos,Sul,Bruno Costa,10083,26,2316.58511203815,7766.41,Joinville,-26.276226,-48.890427
2024-12-20,Headphone,Periféricos,Oeste,Diego Lima,4851,21,6695.627169998926,-1844.63,Desconhecida,,
2023-12-04,Teclado,Armazenamento,Leste,Bruno Costa,3027,1,2589.411953710613,437.59000000000015,Desconhecida,,
2025-05-28,Teclado,Armazenamento,Oeste,Diego Lima,5732,16,5822.737541973414,-90.73999999999978,Desconhecida,,
2025-12-12,Memória RAM,Informática,Leste,Carla Dias,11612,15,1038.318158695566,10573.68,Desconhecida,,
2025-03-02,Memória RAM,Periféricos,Norte,Ana Silva,5540,6,1416.1170110056655,4123.88,Macapá,0.028791,-51.117239
2023-08-05,SSD,Armazenamento,Leste,Carla Dias,4233,12,2581.101504505349,1651.9,Desconhecida,,
2025-02-02,Teclado,Armazenamento,Norte,Ana Silva,895,8,4783.480239929463,-3888.48,Macapá,0.040304,-51.108542
2023-07-07,Webcam,Armazenamento,Oeste,Carla Dias,8899,7,5192.450964991299,3706.55,Desconhecida,,
2024-01-15,Mouse,Armazenamento,Leste,Carla Dias,11643,2,3219.140881982401,8423.86,Desconhecida,,
2024-05-07,Headphone,Armazenamento,Oeste,Bruno Costa,1091,12,696.4860926352711,394.51,Desconhecida,,
2025-11-30,Memória RAM,Periféricos,Norte,Eva Santos,4173,21,3039.1864445743763,1133.81,Manaus,-3.077399,-60.048679
2023-01-15,Webcam,Periféricos,Leste,Diego Lima,2446,14,5535.03872639648,-3089.04,Desconhecida,,
2023-03-06,Headphone,Periféricos,Oeste,Diego Lima,1089,16,5394.284052152102,-4305.28,Desconhecida,,
2024-06-04,Headphone,Periféricos,Norte,Diego Lima,1760,11,1348.7555925871063,411.24,Macapá,0.016614,-51.02411
2024-10-09,Mouse,Informática,Oeste,Ana Silva,6450,20,141.64904453021987,6308.35,Desconhecida,,
2025-12-22,SSD,Periféricos,Sul,Diego Lima,1875,9,6043.614408985245,-4168.61,Maringá,-23.444903,-51.889696
2024-08-15,Teclado,Armazenamento,Norte,Diego Lima,9326,10,922.4358777711302,8403.56,Belém,-1.501309,-48.49669
2024-01-27,Mouse,Periféricos,Norte,Bruno Costa,9929,17,732.2052201971411,9196.79,Belém,-1.406562,-48.451032
2024-02-23,Webcam,Informática,Norte,Carla Dias,9678,12,101.39363732657466,9576.61,Manaus,-3.079921,-59.982355
2023-10-16,SSD,Armazenamento,Leste,Diego Lima,11479,6,3506.202501578864,7972.8,Desconhecida,,
2024-01-14,Webcam,Periféricos,Leste,Eva Santos,9003,19,4065.85009513445,4937.15,Desconhecida,,
2023-08-19,SSD,Periféricos,Leste,Diego Lima,7337,11,5130.299245496838,2206.7,Desconhecida,,
2025-10-14,Memória RAM,Periféricos,Sul,Ana Silva,182,9,2424.82561844368,-2242.83,Londrina,-23.279821,-51.193354
2023-02-10,Webcam,Armazenamento,Sul,Ana Silva,6135,21,5706.563753783297,428.4399999999996,Curitiba,-25.454303,-49.311024
2025-11-17,Mouse,Armazenamento,Norte,Ana Silva,3564,29,1421.1083106629771,2142.8900000000003,Palmas,-10.215989,-48.358972
2023-05-15,SSD,Informática,Sul,Diego Lima,1306,6,6669.361220633951,-5363.36,Londrina,-23.294562,-51.132144
2023-07-20,SSD,Armazenamento,Oeste,Bruno Costa,3276,27,4609.038764812329,-1333.04,Desconhecida,,
2025-02-18,Headphone,Armazenamento,Norte,Eva Santos,8402,25,4704.407401106623,3697.59,Belém,-1.42806,-48.443017
2025-07-18,Headphone,Periféricos,Norte,Diego Lima,1693,25,1741.4212771305365,-48.42000000000007,Macapá,-0.00071,-51.118006
2025-11-22,Headset,Armazenamento,Oeste,Bruno Costa,421,24,666.9412944590749,-245.94000000000003,Desconhecida,,
2025-12-07,Webcam,Periféricos,Norte,Bruno Costa,5445,25,3760.6204403989177,1684.38,Macapá,0.052666,-51.107217
2024-05-17,Headphone,Periféricos,Sul,Diego Lima,4226,16,4955.646659225083,-729.6499999999996,Florianópolis,-27.575974,-48.539888
2024-02-11,Headset,Armazenamento,Leste,Diego Lima,11730,20,832.76795260055,10897.23,Desconhecida,,
2025-03-15,Memória RAM,Informática,Oeste,Bruno Costa,6052,16,7608.23303826308,-1556.2299999999996,Desconhecida,,
2023-04-09,Memória RAM,Informática,Sul,Bruno Costa,11094,6,7844.88173304383,3249.12,Caxias do Sul,-29.204694,-51.217025
2024-11-14,Headphone,Armazenamento,Oeste,Bruno Costa,2859,5,4400.017027508537,-1541.0200000000004,Desconhecida,,
2024-12-26,Webcam,Informática,Oeste,Diego Lima,9496,21,7604.547709765377,1891.45,Desconhecida,,
2025-08-18,SSD,Periféricos,Norte,Bruno Costa,5371,4,1501.2062816403563,3869.79,Macapá,0.080462,-51.090755
2024-09-04,Teclado,Periféricos,Norte,Ana Silva,10087,2,281.3318266218372,9805.67,Boa Vista,2.865981,-60.723314
2024-10-04,Webcam,Armazenamento,Sul,Diego Lima,11774,28,392.1235194998882,11381.88,Caxias do Sul,-29.154402,-51.21881
2025-10-25,Mouse,Informática,Oeste,Ana Silva,8679,6,4733.098837060091,3945.9,Desconhecida,,
2024-05-17,Memória RAM,Informática,Norte,Carla Dias,6872,9,568.2037168196423,6303.8,Macapá,0.081523,-51.059796
2025-02-05,Headphone,Periféricos,Norte,Diego Lima,8351,28,7671.681206046769,679.3199999999997,Belém,-1.425364,-48.493462
2024-02-02,Headphone,Armazenamento,Oeste,Carla Dias,4294,17,1204.1110292144367,3089.8900000000003,Desconhecida,,
2025-05-20,SSD,Informática,Sul,Bruno Costa,5756,14,2493.4046239395907,3262.6,Blumenau,-26.958486,-49.033157
2025-03-05,Mouse,Armazenamento,Sul,Bruno Costa,6916,7,6594.34099182692,321.65999999999985,Florianópolis,-27.622136,-48.544923
2024-01-28,SSD,Informática,Oeste,Eva Santos,880,22,1812.4233589844173,-932.42,Desconhecida,,
2023-07-26,Mouse,Periféricos,Sul,Bruno Costa,5040,19,2004.3101909601992,3035.69,Maringá,-23.410189,-51.942043
2025-11-04,Teclado,Periféricos,Norte,Carla Dias,1798,1,5167.086929864864,-3369.09,Manaus,-3.126412,-60.006507
2025-06-10,Memória RAM,Armazenamento,Oeste,Bruno Costa,4378,29,2266.6018208349574,2111.4,Desconhecida,,
2025-05-13,Headphone,Periféricos,Norte,Diego Lima,11996,20,1802.1852613409865,10193.81,Porto Velho,-8.786416,-63.926734
2025-01-12,Headphone,Informática,Leste,Bruno Costa,2280,25,2093.087497300808,186.90999999999983,Desconhecida,,
2024-07-17,Teclado,Periféricos,Leste,Eva Santos,10738,15,3965.9281947785566,6772.07,Desconhecida,,
2025-10-17,Headset,Armazenamento,Sul,Bruno Costa,4516,18,7731.510992033338,-3215.51,Joinville,-26.339883,-48.816234
2023-04-06,Memória RAM,Armazenamento,Leste,Carla Dias,1656,3,6671.324497164928,-5015.32,Desconhecida,,
2024-04-29,SSD,Armazenamento,Norte,Carla Dias,2308,18,2334.113295316603,-26.110000000000127,Boa Vista,2.865597,-60.709247
2023-08-19,Teclado,Informática,Leste,Bruno Costa,3066,2,2957.915811304934,108.07999999999991,Desconhecida,,
2025-01-18,SSD,Informática,Norte,Carla Dias,3379,10,3758.937023992293,-379.94000000000005,Macapá,-0.012985,-51.11386
2024-06-24,Webcam,Informática,Sul,Carla Dias,11945,11,7833.122804374564,4111.88,Curitiba,-25.460936,-49.317962
2025-11-25,Headphone,Informática,Sul,Eva Santos,10008,27,1445.3325092188684,8562.67,Joinville,-26.286429,-48.859337
2024-06-08,SSD,Informática,Norte,Diego Lima,6415,24,2911.266179655712,3503.73,Boa Vista,2.805299,-60.675347
2024-07-31,Mouse,Periféricos,Leste,Eva Santos,4286,3,5857.054664343103,-1571.0500000000002,Desconhecida,,
2024-11-12,SSD,Informática,Sul,Ana Silva,11311,7,7714.434375410031,3596.57,Caxias do Sul,-29.19965,-51.205726
2024-07-10,Webcam,Informática,Oeste,Eva Santos,2839,8,1312.9476850927624,1526.05,Desconhecida,,
2025-10-09,Memória RAM,Periféricos,Sul,Bruno Costa,7340,19,1880.8492372192184,5459.15,Curitiba,-25.436774,-49.318375
2024-10-07,Headphone,Informática,Leste,Diego Lima,10668,18,1867.5018211722077,8800.5,Desconhecida,,
2025-03-06,Teclado,Armazenamento,Oeste,Bruno Costa,2960,13,245.78167357722225,2714.22,Desconhecida,,
2025-11-17,Webcam,Informática,Leste,Ana Silva,10858,13,4864.59574984912,5993.4,Desconhecida,,
2023-07-09,Headphone,Informática,Norte,Diego Lima,11813,24,5391.968347235479,6421.03,Boa Vista,2.857857,-60.635535
2024-09-24,SSD,Armazenamento,Oeste,Carla Dias,6302,19,4852.005049792007,1449.9899999999998,Desconhecida,,
2024-09-19,Memória RAM,Armazenamento,Leste,Eva Santos,162,23,644.8780761494896,-482.88,Desconhecida,,
2025-08-30,Headset,Armazenamento,Oeste,Bruno Costa,11312,12,628.3025959054031,10683.7,Desconhecida,,
2024-12-10,Memória RAM,Armazenamento,Leste,Ana Silva,6088,17,1746.2615115934625,4341.74,Desconhecida,,
2024-10-10,Headset,Informática,Oeste,Carla Dias,8149,28,2379.132564335404,5769.87,Desconhecida,,
2023-11-14,Mouse,Armazenamento,Leste,Eva Santos,7369,22,6309.425754807576,1059.5699999999997,Desconhecida,,
2024-11-14,Memória RAM,Armazenamento,Norte,Carla Dias,5478,12,1342.3709047314553,4135.63,Manaus,-3.142354,-60.057723
2024-10-25,Headphone,Periféricos,Oeste,Eva Santos,3771,28,429.2103538684545,3341.79,Desconhecida,,
2024-03-17,Headset,Armazenamento,Oeste,Diego Lima,3833,13,3200.3810610873966,632.6199999999999,Desconhecida,,
2024-07-17,Teclado,Armazenamento,Oeste,Carla Dias,8022,25,3377.8259875240087,4644.17,Desconhecida,,
2025-08-09,Headphone,Periféricos,Oeste,Carla Dias,11815,12,3651.186118456517,8163.809999999999,Desconhecida,,
2024-11-29,Teclado,Periféricos,Norte,Carla Dias,5460,19,6629.076068693591,-1169.08,Belém,-1.410914,-48.448565
2023-04-23,Memória RAM,Informática,Oeste,Diego Lima,11464,14,856.2028857778585,10607.8,Desconhecida,,
2023-01-02,Teclado,Periféricos,Sul,Ana Silva,11806,7,5655.22129278194,6150.78,Florianópolis,-27.591857,-48.513144
2024-10-03,Headset,Informática,Norte,Eva Santos,802,13,2756.528922678703,-1954.53,Macapá,0.065339,-51.066128
2023-08-08,Headphone,Periféricos,Sul,Carla Dias,5949,6,2535.042680568922,3413.96,Londrina,-23.291208,-51.190784
2025-05-04,SSD,Periféricos,Oeste,Diego Lima,8962,24,7465.741558600961,1496.2600000000002,Desconhecida,,
2024-01-20,Webcam,Informática,Leste,Ana Silva,3940,19,2047.870713380597,1892.13,Desconhecida,,
2025-12-12,Headset,Periféricos,Sul,Eva Santos,1795,19,5168.8521358877815,-3373.8500000000004,Blumenau,-26.907962,-49.10659
2024-12-30,Headset,Informática,Oeste,Diego Lima,10585,4,2259.0118384186494,8325.99,Desconhecida,,
2023-09-04,SSD,Periféricos,Sul,Eva Santos,4662,19,4096.57955051185,565.4200000000001,Porto Alegre,-29.991006,-51.253959
2025-04-15,Headphone,Armazenamento,Oeste,Carla Dias,4909,9,6307.439709362521,-1398.4399999999996,Desconhecida,,
2023-07-22,Headphone,Periféricos,Oeste,Ana Silva,11833,16,7063.242386248784,4769.76,Desconhecida,,
2023-05-03,Memória RAM,Informática,Oeste,Diego Lima,6024,27,6722.482143136798,-698.4799999999996,Desconhecida,,
2024-02-05,Teclado,Periféricos,Leste,Ana Silva,3838,4,4690.871430265547,-852.8699999999999,Desconhecida,,
2025-02-05,Memória RAM,Informática,Sul,Carla Dias,7839,6,2050.625217478719,5788.37,Curitiba,-25.416783,-49.306171
2023-10-21,SSD,Informática,Norte,Ana Silva,1529,8,5316.968395433977,-3787.97,Manaus,-3.112505,-60.014457
2023-10-07,Memória RAM,Armazenamento,Norte,Ana Silva,4393,27,5702.447962574495,-1309.4499999999998,Macapá,0.037163,-51.043008
2025-06-02,SSD,Armazenamento,Norte,Bruno Costa,10387,29,164.6805616989312,10222.32,Macapá,0.064824,-51.070185
2023-07-17,Headphone,Informática,Norte,Ana Silva,11390,24,3558.5472465804464,7831.45,Belém,-1.412676,-48.528227
2025-09-08,Teclado,Periféricos,Oeste,Eva Santos,9730,16,6758.635379148373,2971.36,Desconhecida,,
2025-01-21,Memória RAM,Informática,Sul,Diego Lima,6657,5,3957.533762244935,2699.47,Caxias do Sul,-29.152014,-51.187539
2023-05-24,Headset,Informática,Sul,Bruno Costa,7969,21,2546.0935019335034,5422.91,Blumenau,-26.902277,-49.082736
2024-08-31,Mouse,Periféricos,Leste,Diego Lima,8743,22,6984.6383465153285,1758.3599999999997,Desconhecida,,
2023-07-06,Webcam,Periféricos,Sul,Diego Lima,2803,10,1314.5751244360613,1488.42,Maringá,-23.443447,-51.946881
2024-04-08,Headset,Periféricos,Sul,Carla Dias,5761,23,1715.046240736307,4045.95,Caxias do Sul,-29.202039,-51.214622
2024-10-21,Headphone,Periféricos,Sul,Carla Dias,6277,13,5523.989146134176,753.0100000000002,Florianópolis,-27.551787,-48.55421
2025-02-02,Webcam,Informática,Leste,Bruno Costa,4073,29,2871.292656890474,1201.71,Desconhecida,,
2025-08-12,Mouse,Informática,Norte,Carla Dias,8609,26,5727.093339011529,2881.91,Belém,-1.412186,-48.46217
2024-02-07,Mouse,Armazenamento,Sul,Carla Dias,6062,14,1329.0126803751757,4732.99,Caxias do Sul,-29.169863,-51.191764
2023-05-27,Teclado,Informática,Leste,Carla Dias,5280,7,2077.9711896387,3202.03,Desconhecida,,
2025-05-13,Webcam,Periféricos,Leste,Diego Lima,5589,29,1320.647236639977,4268.35,Desconhecida,,
2024-05-03,Teclado,Armazenamento,Oeste,Bruno Costa,8030,20,7627.049683422996,402.9499999999998,Desconhecida,,
2025-07-17,Headset,Periféricos,Leste,Diego Lima,6599,6,3290.799369939319,3308.2,Desconhecida,,
2024-07-04,SSD,Informática,Norte,Eva Santos,1875,7,2750.7816864889896,-875.7800000000002,Manaus,-3.16777,-60.026268
2023-12-04,SSD,Armazenamento,Sul,Diego Lima,9454,5,192.48107687245644,9261.52,Londrina,-23.27196,-51.190064
2025-05-21,SSD,Periféricos,Leste,Eva Santos,7672,21,1295.0672289342283,6376.93,Desconhecida,,
2024-10-02,Webcam,Armazenamento,Norte,Ana Silva,11017,18,3415.395981440596,7601.6,Manaus,-3.077156,-59.993571
2024-04-17,SSD,Armazenamento,Leste,Ana Silva,4934,23,622.542117169401,4311.46,Desconhecida,,
2023-05-31,Headset,Informática,Leste,Eva Santos,9622,12,4125.055489689238,5496.94,Desconhecida,,
2023-09-20,Teclado,Periféricos,Leste,Eva Santos,1382,6,3683.7222726384266,-2301.72,Desconhecida,,
2023-05-24,Webcam,Armazenamento,Leste,Diego Lima,10205,27,6155.971671527268,4049.03,Desconhecida,,
2023-12-12,Teclado,Armazenamento,Leste,Eva Santos,8958,1,5305.637395090507,3652.36,Desconhecida,,
2024-09-15,Webcam,Periféricos,Norte,Bruno Costa,8488,4,3611.902658138944,4876.1,Porto Velho,-8.721497,-63.9475
2025-10-13,Teclado,Armazenamento,Sul,Ana Silva,7596,19,1859.312744832166,5736.6900000000005,Porto Alegre,-30.070298,-51.190023
2025-05-30,Mouse,Armazenamento,Sul,Ana Silva,4766,12,5836.759442861026,-1070.7600000000002,Porto Alegre,-30.06478,-51.176636
2023-01-02,Teclado,Armazenamento,Sul,Eva Santos,4875,15,5686.267859357297,-811.2700000000004,Florianópolis,-27.641784,-48.597457
2025-06-15,SSD,Periféricos,Sul,Carla Dias,3827,3,1294.1055912818683,2532.8900000000003,Londrina,-23.349334,-51.159007
2023-09-11,Mouse,Periféricos,Norte,Carla Dias,6437,23,7324.83450488919,-887.8299999999999,Palmas,-10.275245,-48.289359
2024-03-28,Teclado,Periféricos,Oeste,Eva Santos,8630,27,590.0885188391419,8039.91,Desconhecida,,
2025-11-26,Webcam,Periféricos,Oeste,Bruno Costa,1559,28,515.8986544303123,1043.1,Desconhecida,,
2025-10-11,Webcam,Informática,Norte,Carla Dias,8355,26,1563.8153078864218,6791.18,Rio Branco,-9.955588,-67.791102
2023-01-09,Webcam,Armazenamento,Norte,Eva Santos,406,20,7282.929520546268,-6876.93,Macapá,0.005078,-51.106908
2025-03-26,Headphone,Periféricos,Leste,Bruno Costa,1871,28,4198.385142372421,-2327.3900000000003,Desconhecida,,
2023-07-27,Headset,Armazenamento,Leste,Bruno Costa,1573,8,6320.492091729369,-4747.49,Desconhecida,,
2024-02-08,Webcam,Armazenamento,Leste,Diego Lima,5103,11,1884.518049565885,3218.48,Desconhecida,,
2023-06-01,Mouse,Informática,Sul,Bruno Costa,3140,16,3962.558039257628,-822.56,Curitiba,-25.459096,-49.296224
2023-02-23,Webcam,Periféricos,Leste,Carla Dias,1345,9,2917.6525519011475,-1572.65,Desconhecida,,
2024-09-19,Headphone,Periféricos,Oeste,Carla Dias,4709,3,6636.4025679642455,-1927.4,Desconhecida,,
2024-08-09,SSD,Armazenamento,Sul,Eva Santos,4515,5,259.02715972507485,4255.97,Curitiba,-25.474165,-49.234885
2023-04-14,Mouse,Periféricos,Leste,Eva Santos,1394,20,2011.2344213315544,-617.23,Desconhecida,,
2023-09-11,Headphone,Armazenamento,Sul,Bruno Costa,11565,14,1288.38785647484,10276.61,Caxias do Sul,-29.208628,-51.211047
2024-05-24,SSD,Armazenamento,Oeste,Ana Silva,6916,28,6884.77718667483,31.22000000000025,Desconhecida,,
2023-04-09,Memória RAM,Informática,Leste,Diego Lima,5452,26,3782.947289574624,1669.0500000000002,Desconhecida,,
2023-06-02,Memória RAM,Informática,Oeste,Ana Silva,11812,15,3281.422747634272,8530.58,Desconhecida,,
2025-07-02,Mouse,Informática,Oeste,Bruno Costa,1456,6,3639.903475840552,-2183.9,Desconhecida,,
2025-05-27,Teclado,Armazenamento,Oeste,Bruno Costa,10463,27,7777.642441562494,2685.36,Desconhecida,,
2023-12-04,Headset,Periféricos,Leste,Ana Silva,2552,26,6814.117763140519,-4262.12,Desconhecida,,
2025-04-01,Headset,Informática,Norte,Diego Lima,646,4,5674.440673054436,-5028.44,Belém,-1.454965,-48.499797
2025-08-14,Headphone,Periféricos,Leste,Ana Silva,3549,8,2380.5933570481766,1168.41,Desconhecida,,
2023-06-10,SSD,Informática,Oeste,Eva Santos,11948,19,1388.1701561861064,10559.83,Desconhecida,,
2025-03-11,Headset,Informática,Leste,Carla Dias,1059,27,7377.7543418736705,-6318.75,Desconhecida,,
2024-02-02,SSD,Armazenamento,Oeste,Eva Santos,522,5,3430.758140548144,-2908.76,Desconhecida,,
2025-03-26,SSD,Informática,Norte,Carla Dias,6386,13,2287.745931791543,4098.25,Belém,-1.464619,-48.499322
2024-02-05,Headphone,Informática,Sul,Bruno Costa,1494,16,3809.6929452276727,-2315.69,Maringá,-23.411669,-51.951596
2024-10-01,Headphone,Armazenamento,Norte,Diego Lima,8665,1,7349.351588737189,1315.6499999999996,Belém,-1.502194,-48.49836
2025-11-22,Headphone,Periféricos,Norte,Ana Silva,2581,13,3145.573122059042,-564.5700000000002,Macapá,0.007459,-51.062154
2024-11-18,Headset,Informática,Sul,Diego Lima,4820,22,4536.116698204948,283.8800000000001,Joinville,-26.297923,-48.8285
2024-04-04,Memória RAM,Armazenamento,Leste,Ana Silva,2934,11,6439.493104779849,-3505.49,Desconhecida,,
2025-08-12,Headphone,Informática,Sul,Eva Santos,10735,21,3462.8896459032585,7272.110000000001,Caxias do Sul,-29.139057,-51.174486
2024-04-14,Headset,Armazenamento,Leste,Eva Santos,9557,8,1929.651071256837,7627.35,Desconhecida,,
2025-11-11,Headphone,Periféricos,Leste,Ana Silva,1845,25,7956.643927193625,-6111.64,Desconhecida,,
2025-01-19,Webcam,Periféricos,Oeste,Diego Lima,2057,8,7656.041191021104,-5599.04,Desconhecida,,
2023-02-07,SSD,Armazenamento,Oeste,Ana Silva,4964,24,6760.355019474071,-1796.3599999999997,Desconhecida,,
2023-08-18,Headphone,Armazenamento,Sul,Bruno Costa,930,28,5531.9211247365065,-4601.92,Florianópolis,-27.593372,-48.518013
2024-07-16,Mouse,Armazenamento,Norte,Eva Santos,1169,14,2415.335774312,-1246.34,Belém,-1.422062,-48.490786
2024-03-13,SSD,Periféricos,Sul,Bruno Costa,11607,13,7314.230470259134,4292.77,Florianópolis,-27.633814,-48.590794
2023-01-27,SSD,Informática,Leste,Eva Santos,1553,3,2262.408827360132,-709.4099999999999,Desconhecida,,
2023-08-14,Headphone,Periféricos,Oeste,Eva Santos,1576,4,6422.4111978405135,-4846.41,Desconhecida,,
2025-03-08,Memória RAM,Armazenamento,Sul,Carla Dias,9005,27,7352.604690095146,1652.3999999999996,Joinville,-26.323111,-48.824431
2023-10-11,Teclado,Armazenamento,Sul,Bruno Costa,6018,20,4855.790416204899,1162.21,Porto Alegre,-30.083132,-51.184983
2025-05-28,Memória RAM,Periféricos,Oeste,Bruno Costa,10989,15,6440.205245698136,4548.79,Desconhecida,,
2025-08-17,Headphone,Armazenamento,Oeste,Carla Dias,160,15,6350.225185677833,-6190.23,Desconhecida,,
2024-03-28,SSD,Periféricos,Oeste,Diego Lima,6480,27,1609.8093888781607,4870.1900000000005,Desconhecida,,
2025-10-16,Mouse,Armazenamento,Leste,Bruno Costa,9380,21,5369.96183088099,4010.04,Desconhecida,,
2025-03-26,SSD,Informática,Oeste,Ana Silva,2975,13,820.2660602831929,2154.73,Desconhecida,,
2024-10-20,Memória RAM,Informática,Norte,Carla Dias,7614,9,4102.173133648852,3511.83,Rio Branco,-9.954859,-67.836116
2024-06-30,Mouse,Armazenamento,Sul,Bruno Costa,3153,28,1364.9055412733735,1788.09,Londrina,-23.290411,-51.218527
2025-12-08,Headset,Periféricos,Oeste,Diego Lima,9417,25,3377.488030467739,6039.51,Desconhecida,,
2023-01-17,Webcam,Informática,Oeste,Bruno Costa,7345,10,6677.218031611626,667.7799999999997,Desconhecida,,
2023-06-07,SSD,Periféricos,Leste,Eva Santos,6870,29,7898.369289871219,-1028.37,Desconhecida,,
2024-04-21,Headphone,Armazenamento,Leste,Ana Silva,3238,12,2598.2418667441725,639.7600000000002,Desconhecida,,
2025-12-05,Headset,Periféricos,Sul,Carla Dias,1939,14,4293.089134362759,-2354.09,Maringá,-23.45634,-51.938475
2024-06-01,Webcam,Informática,Norte,Eva Santos,3186,1,4129.480353014269,-943.4799999999996,Palmas,-10.259843,-48.366295
2023-04-09,Headphone,Periféricos,Sul,Diego Lima,7527,14,7638.859957862042,-111.85999999999969,Maringá,-23.427122,-51.936367
2025-11-26,Teclado,Periféricos,Oeste,Eva Santos,7748,14,3870.3831608675664,3877.62,Desconhecida,,
2023-10-07,Headphone,Armazenamento,Norte,Eva Santos,4988,8,5616.921146765607,-628.9200000000001,Rio Branco,-9.93469,-67.870435
2024-05-11,Mouse,Armazenamento,Norte,Diego Lima,6022,16,7380.5707262195265,-1358.5699999999997,Boa Vista,2.802706,-60.67678
2023-10-29,Mouse,Armazenamento,Norte,Eva Santos,3803,14,3037.1581915317734,765.8400000000001,Belém,-1.447155,-48.490871
2023-06-30,Teclado,Informática,Norte,Carla Dias,11517,1,7224.80812690347,4292.19,Manaus,-3.144633,-59.987341
2024-08-29,Headset,Informática,Sul,Bruno Costa,4449,16,7346.253277376827,-2897.25,Curitiba,-25.414641,-49.258385
2024-11-30,Webcam,Armazenamento,Leste,Eva Santos,9418,18,7450.847031419675,1967.15,Desconhecida,,
2025-09-19,Headphone,Armazenamento,Leste,Carla Dias,1123,7,2221.933788933697,-1098.9299999999998,Desconhecida,,
2023-07-10,Mouse,Informática,Oeste,Bruno Costa,7233,15,3250.8163066180714,3982.18,Desconhecida,,
2023-09-10,Headset,Informática,Leste,Bruno Costa,5644,24,6973.535593147559,-1329.54,Desconhecida,,
2025-09-07,Teclado,Informática,Leste,Eva Santos,10207,17,2924.5616483009167,7282.44,Desconhecida,,
2025-07-16,Memória RAM,Informática,Leste,Carla Dias,11467,19,4834.00402083336,6633.0,Desconhecida,,
2023-05-08,SSD,Armazenamento,Leste,Eva Santos,9641,23,1014.9916974996116,8626.01,Desconhecida,,
2023-01-18,Memória RAM,Informática,Oeste,Diego Lima,3556,13,525.6979058410268,3030.3,Desconhecida,,
2024-07-19,Memória RAM,Armazenamento,Sul,Bruno Costa,5300,9,3342.992396778007,1957.01,Maringá,-23.460002,-51.943445
2024-07-23,Mouse,Periféricos,Norte,Eva Santos,9500,24,4665.0189381343225,4834.98,Macapá,0.076634,-51.056317
2024-11-16,Teclado,Periféricos,Leste,Bruno Costa,3279,24,3190.176977802816,88.82000000000016,Desconhecida,,
2024-09-17,Headphone,Informática,Sul,Carla Dias,254,15,4655.667299673869,-4401.67,Florianópolis,-27.642918,-48.505254
2025-05-03,Memória RAM,Periféricos,Leste,Ana Silva,7583,25,4159.4682592805375,3423.53,Desconhecida,,
2025-08-19,Memória RAM,Periféricos,Leste,Eva Santos,7839,26,5510.801255945721,2328.2,Desconhecida,,
2023-06-04,Webcam,Periféricos,Norte,Eva Santos,3717,3,5224.296854037887,-1507.3000000000002,Belém,-1.477998,-48.469897
2024-05-04,Mouse,Informática,Norte,Bruno Costa,4498,24,3440.0259693961143,1057.9699999999998,Macapá,0.083081,-51.057364
2025-02-23,Mouse,Informática,Norte,Carla Dias,4540,1,3445.962304125317,1094.04,Boa Vista,2.821251,-60.649657
2023-09-03,Headphone,Periféricos,Leste,Diego Lima,6961,16,1194.9644528968774,5766.04,Desconhecida,,
2025-11-28,SSD,Armazenamento,Leste,Carla Dias,1331,8,4144.849491003957,-2813.8500000000004,Desconhecida,,
2025-01-28,Headset,Periféricos,Leste,Eva Santos,4794,29,4730.458694834718,63.53999999999997,Desconhecida,,
2024-06-21,Webcam,Informática,Norte,Diego Lima,11480,23,3853.796027042304,7626.2,Macapá,0.028909,-51.06409
2025-07-09,Mouse,Informática,Oeste,Carla Dias,6023,13,2659.602093889032,3363.4,Desconhecida,,
2024-02-12,Webcam,Informática,Sul,Ana Silva,4544,8,5795.456470473748,-1251.46,Londrina,-23.256042,-51.190777
2024-06-08,Mouse,Periféricos,Oeste,Bruno Costa,3684,17,671.3202255901746,3012.68,Desconhecida,,
2025-04-07,Webcam,Armazenamento,Leste,Carla Dias,5994,22,7322.3677284520545,-1328.37,Desconhecida,,
2025-06-21,Teclado,Informática,Leste,Carla Dias,6089,23,243.4960412026828,5845.5,Desconhecida,,
2023-02-05,Memória RAM,Informática,Oeste,Ana Silva,11469,14,7701.813056831161,3767.19,Desconhecida,,
2024-11-15,Mouse,Periféricos,Leste,Eva Santos,6625,27,3741.8563594025263,2883.14,Desconhecida,,
2023-01-20,Webcam,Armazenamento,Sul,Bruno Costa,1924,21,3348.345956508046,-1424.35,Porto Alegre,-30.005232,-51.259218
2023-11-17,Headset,Periféricos,Leste,Carla Dias,8433,21,2111.0366183084498,6321.96,Desconhecida,,
2024-05-26,Teclado,Informática,Sul,Diego Lima,596,7,159.7633878716827,436.24,Joinville,-26.26203,-48.816442
2024-02-04,Teclado,Armazenamento,Oeste,Carla Dias,258,27,2256.3388942206543,-1998.34,Desconhecida,,
2024-10-15,Headset,Armazenamento,Oeste,Bruno Costa,3389,15,946.4474096458448,2442.55,Desconhecida,,
2025-08-29,Webcam,Informática,Leste,Carla Dias,6081,16,5305.781074131686,775.2200000000003,Desconhecida,,
2024-04-15,Headphone,Armazenamento,Sul,Ana Silva,4203,19,2607.073780780152,1595.9299999999998,Londrina,-23.267954,-51.145657
2025-04-13,Headset,Armazenamento,Leste,Carla Dias,4687,6,6156.060280956999,-1469.0600000000004,Desconhecida,,
2024-12-27,Webcam,Periféricos,Norte,Carla Dias,6511,23,1718.7762037812463,4792.22,Rio Branco,-10.001946,-67.81271
2025-05-03,Headset,Informática,Norte,Diego Lima,1395,1,7209.860070862307,-5814.86,Belém,-1.50535,-48.488737
2023-02-20,Headset,Informática,Norte,Ana Silva,2870,12,4222.013599638194,-1352.0100000000002,Palmas,-10.231371,-48.371339
2024-07-28,Mouse,Informática,Norte,Ana Silva,8619,18,986.8890760343328,7632.11,Rio Branco,-9.935837,-67.807739
2023-05-30,Webcam,Informática,Leste,Carla Dias,11398,16,3254.694266375553,8143.309999999999,Desconhecida,,
2023-11-10,Headphone,Informática,Norte,Diego Lima,7891,12,1717.543350632512,6173.46,Porto Velho,-8.776397,-63.865066
2024-07-23,Memória RAM,Armazenamento,Sul,Carla Dias,5255,20,1661.5085752519792,3593.49,Blumenau,-26.910368,-49.076406
2023-11-01,Mouse,Periféricos,Oeste,Carla Dias,3072,13,4090.448322205495,-1018.4499999999998,Desconhecida,,
2024-11-12,Headset,Informática,Oeste,Bruno Costa,2663,8,5401.384763840071,-2738.38,Desconhecida,,
2025-04-17,Memória RAM,Periféricos,Norte,Bruno Costa,9180,27,7300.016187587152,1879.98,Porto Velho,-8.777007,-63.878636
2025-12-13,SSD,Periféricos,Norte,Diego Lima,2951,29,4057.123125248135,-1106.12,Porto Velho,-8.711326,-63.920764
2025-09-29,Memória RAM,Armazenamento,Norte,Eva Santos,7131,26,7729.443098461975,-598.4399999999996,Rio Branco,-9.984606,-67.861218
2024-03-19,Headset,Informática,Leste,Bruno Costa,8371,22,7537.748028421081,833.25,Desconhecida,,
2024-09-04,Headset,Armazenamento,Oeste,Eva Santos,6652,1,6931.295237476134,-279.3000000000002,Desconhecida,,
2025-09-19,Webcam,Informática,Norte,Ana Silva,6188,26,4039.819938502355,2148.18,Manaus,-3.07747,-60.022008
2023-09-21,Webcam,Armazenamento,Sul,Bruno Costa,6379,21,1195.9592340088295,5183.04,Joinville,-26.341063,-48.862162
2025-12-12,Mouse,Periféricos,Norte,Bruno Costa,9599,7,1805.8034009378484,7793.2,Manaus,-3.148802,-60.069933
2025-09-30,Headphone,Informática,Oeste,Diego Lima,514,15,5209.546421478847,-4695.55,Desconhecida,,
2023-01-05,Mouse,Periféricos,Norte,Eva Santos,1950,29,3420.299443850833,-1470.3000000000002,Manaus,-3.134671,-60.029662
2025-02-12,Teclado,Periféricos,Oeste,Bruno Costa,6108,22,1242.6689234916516,4865.33,Desconhecida,,
2025-05-26,Headset,Armazenamento,Norte,Bruno Costa,9246,13,3873.6319544233374,5372.37,Macapá,0.013354,-51.0297
2025-09-18,Memória RAM,Informática,Sul,Diego Lima,7586,13,218.0499203762037,7367.95,Caxias do Sul,-29.19429,-51.196866
2025-06-02,SSD,Periféricos,Norte,Diego Lima,4943,28,5892.451337524778,-949.4499999999998,Palmas,-10.246146,-48.300068
2023-02-16,Headset,Armazenamento,Sul,Eva Santos,10520,9,662.7638523583516,9857.24,Blumenau,-26.910326,-49.050756
2025-05-16,Headset,Informática,Sul,Ana Silva,11192,24,5062.579869703983,6129.42,Curitiba,-25.454263,-49.291051
2025-04-02,Mouse,Informática,Norte,Ana Silva,8310,15,6360.641636394747,1949.36,Porto Velho,-8.795656,-63.862969
2025-07-24,SSD,Periféricos,Sul,Carla Dias,11178,4,1130.539485675407,10047.46,Curitiba,-25.422251,-49.244103
2024-10-17,SSD,Informática,Leste,Bruno Costa,329,13,4187.618430074819,-3858.62,Desconhecida,,
2023-09-26,SSD,Periféricos,Norte,Eva Santos,4023,27,6250.214713726999,-2227.21,Belém,-1.458174,-48.44073
2024-01-05,Mouse,Informática,Norte,Bruno Costa,4110,12,2144.216961675451,1965.78,Boa Vista,2.854964,-60.635545
2024-09-27,Headset,Armazenamento,Sul,Eva Santos,1336,5,1370.2994165728232,-34.299999999999955,Londrina,-23.275741,-51.201082
2024-10-18,Mouse,Periféricos,Sul,Eva Santos,923,7,2747.6073588622585,-1824.61,Porto Alegre,-30.074411,-51.202408
2023-04-30,Webcam,Periféricos,Norte,Eva Santos,4610,8,4473.217478539861,136.77999999999977,Macapá,0.080435,-51.068127
2025-04-10,Webcam,Informática,Leste,Bruno Costa,502,5,4636.21439124962,-4134.21,Desconhecida,,
2025-12-17,Mouse,Informática,Sul,Diego Lima,7093,9,1116.540560984881,5976.46,Blumenau,-26.9591,-49.111992
2025-01-10,SSD,Periféricos,Sul,Bruno Costa,5352,14,3703.945273577856,1648.0500000000002,Blumenau,-26.944793,-49.109547
2023-04-27,Headset,Informática,Oeste,Eva Santos,5494,26,2204.794988672744,3289.21,Desconhecida,,
2025-03-01,Mouse,Armazenamento,Leste,Carla Dias,4657,12,6748.83180707441,-2091.83,Desconhecida,,
2025-10-09,Mouse,Informática,Leste,Ana Silva,4980,4,2563.515045947124,2416.48,Desconhecida,,
2025-12-17,Mouse,Armazenamento,Norte,Eva Santos,11370,20,6722.539834308168,4647.46,Rio Branco,-9.955581,-67.854198
2024-09-25,Teclado,Armazenamento,Leste,Carla Dias,267,29,3474.2317318061937,-3207.23,Desconhecida,,
2024-05-27,Webcam,Armazenamento,Norte,Diego Lima,631,8,5834.55926534551,-5203.56,Manaus,-3.127339,-60.071534
2025-03-12,Memória RAM,Armazenamento,Oeste,Eva Santos,4437,17,4119.677010069618,317.3199999999997,Desconhecida,,
2024-07-13,SSD,Armazenamento,Leste,Carla Dias,10979,8,5005.943983117334,5973.06,Desconhecida,,
2024-05-02,Headphone,Informática,Sul,Eva Santos,6952,21,3211.2235660221545,3740.78,Florianópolis,-27.612091,-48.554867
2025-06-15,Memória RAM,Armazenamento,Oeste,Bruno Costa,8448,29,6164.197601035326,2283.8,Desconhecida,,
2024-12-04,SSD,Informática,Norte,Carla Dias,4627,27,3447.499917903374,1179.5,Macapá,0.010935,-51.087151
2024-08-03,Headphone,Armazenamento,Oeste,Bruno Costa,6683,1,3703.0962409597096,2979.9,Desconhecida,,
2025-02-28,Teclado,Periféricos,Norte,Bruno Costa,393,20,4180.015052389181,-3787.02,Palmas,-10.276275,-48.341226
2025-05-10,Mouse,Armazenamento,Oeste,Carla Dias,10974,2,6668.047017616989,4305.95,Desconhecida,,
2023-09-04,Teclado,Periféricos,Norte,Ana Silva,7162,4,5302.281114523602,1859.7200000000005,Boa Vista,2.819577,-60.654644
2023-06-03,Teclado,Armazenamento,Leste,Carla Dias,1015,24,2845.350261600738,-1830.35,Desconhecida,,
2025-09-23,Memória RAM,Armazenamento,Sul,Ana Silva,11323,21,5388.931501133819,5934.07,Florianópolis,-27.553518,-48.597074
2024-11-27,Headset,Armazenamento,Norte,Eva Santos,9903,1,5168.018458227933,4734.98,Manaus,-3.150168,-60.068572
2025-12-28,Memória RAM,Periféricos,Oeste,Eva Santos,5479,7,7453.672664967258,-1974.67,Desconhecida,,
2025-12-06,Webcam,Periféricos,Norte,Carla Dias,753,1,6744.018173320772,-5991.02,Macapá,0.041821,-51.06038
2025-10-05,Headphone,Armazenamento,Norte,Eva Santos,5906,9,5207.779636109885,698.2200000000003,Belém,-1.420856,-48.539726
2023-04-04,Mouse,Informática,Norte,Diego Lima,11404,3,2784.736316617625,8619.26,Belém,-1.443888,-48.523926
2025-08-15,Memória RAM,Armazenamento,Oeste,Bruno Costa,4168,12,6254.245474981255,-2086.25,Desconhecida,,
2025-10-08,Headphone,Periféricos,Sul,Bruno Costa,5342,19,4635.649681057384,706.3500000000004,Maringá,-23.445074,-51.891421
2024-03-28,SSD,Armazenamento,Leste,Ana Silva,2165,15,7883.338305759141,-5718.34,Desconhecida,,
2025-06-30,Headphone,Periféricos,Sul,Eva Santos,10000,22,2040.248538272848,7959.75,Blumenau,-26.933246,-49.034784
2023-08-06,SSD,Periféricos,Norte,Ana Silva,3530,16,710.8742601726246,2819.13,Palmas,-10.26726,-48.294379
2024-04-18,Memória RAM,Periféricos,Oeste,Bruno Costa,3920,10,633.5431501525456,3286.46,Desconhecida,,
2024-03-07,Webcam,Armazenamento,Sul,Bruno Costa,5979,22,5149.040675745308,829.96,Caxias do Sul,-29.186036,-51.221589
2023-12-07,Memória RAM,Periféricos,Norte,Eva Santos,1763,29,7518.941012979269,-5755.94,Porto Velho,-8.808217,-63.915752
2024-07-04,SSD,Periféricos,Leste,Diego Lima,2029,27,95.30076118872108,1933.7,Desconhecida,,
2023-12-23,Headphone,Armazenamento,Leste,Diego Lima,5522,27,5828.106691905597,-306.1099999999997,Desconhecida,,
2023-01-23,Headphone,Periféricos,Leste,Eva Santos,4258,6,5283.956245660928,-1025.96,Desconhecida,,
2024-06-05,SSD,Armazenamento,Norte,Eva Santos,10688,29,5879.849202378169,4808.15,Manaus,-3.109617,-60.059097
2025-03-12,Teclado,Periféricos,Oeste,Ana Silva,9441,17,2894.8108215576976,6546.1900000000005,Desconhecida,,
2025-01-31,Webcam,Informática,Sul,Eva Santos,9416,21,6578.331841690212,2837.67,Blumenau,-26.952106,-49.065371
2024-03-17,Headset,Informática,Leste,Diego Lima,9128,28,434.07889683738665,8693.92,Desconhecida,,
2025-02-07,Mouse,Periféricos,Norte,Eva Santos,298,22,6063.014316926458,-5765.01,Palmas,-10.199792,-48.315836
2025-10-12,Headphone,Informática,Norte,Ana Silva,1904,24,2195.209775484775,-291.21000000000004,Manaus,-3.156309,-59.98197
2024-05-30,Mouse,Armazenamento,Sul,Ana Silva,10511,29,3856.5551768759274,6654.4400000000005,Curitiba,-25.42478,-49.261121
2025-11-05,Headset,Informática,Leste,Ana Silva,7528,17,6595.279270733186,932.7200000000004,Desconhecida,,
2025-03-02,Memória RAM,Periféricos,Norte,Ana Silva,6831,21,2229.1635587138053,4601.84,Palmas,-10.239643,-48.344824
2023-12-02,Mouse,Periféricos,Sul,Carla Dias,3906,19,1546.8434922196363,2359.16,Florianópolis,-27.561775,-48.596184
2023-09-15,Headset,Armazenamento,Oeste,Eva Santos,9521,18,5476.000427955243,4045.0,Desconhecida,,
2024-05-11,SSD,Periféricos,Oeste,Bruno Costa,11651,11,4304.487540733892,7346.51,Desconhecida,,
2025-06-14,Teclado,Armazenamento,Oeste,Eva Santos,10765,24,4154.078640469781,6610.92,Desconhecida,,
2023-06-09,Headphone,Informática,Leste,Carla Dias,9266,7,2113.6145630602723,7152.389999999999,Desconhecida,,
2025-05-01,Headset,Informática,Sul,Ana Silva,5542,10,356.25202209461906,5185.75,Londrina,-23.281923,-51.162906
2024-11-20,Mouse,Armazenamento,Sul,Carla Dias,9945,7,3329.3315755871977,6615.67,Florianópolis,-27.547058,-48.556073
2024-01-15,Headphone,Armazenamento,Norte,Diego Lima,3202,5,923.9510853047224,2278.05,Rio Branco,-9.973942,-67.873653
2025-08-14,Teclado,Periféricos,Norte,Diego Lima,5842,12,7255.434073141681,-1413.4300000000003,Manaus,-3.116977,-60.030904
2024-11-21,SSD,Informática,Norte,Eva Santos,4368,16,406.70256189610575,3961.3,Rio Branco,-10.015993,-67.785934
2025-12-02,Memória RAM,Armazenamento,Sul,Eva Santos,4953,29,3498.6747651403007,1454.33,Londrina,-23.286242,-51.204663
2023-10-12,Headphone,Informática,Norte,Bruno Costa,2527,25,493.7850229105568,2033.21,Porto Velho,-8.715045,-63.932556
2024-02-01,Memória RAM,Armazenamento,Sul,Bruno Costa,11822,21,836.7074865529493,10985.29,Londrina,-23.268602,-51.128342
2023-01-12,Headset,Informática,Sul,Diego Lima,5236,18,5298.224002022414,-62.220000000000255,Porto Alegre,-30.063385,-51.22072
2024-05-13,Teclado,Periféricos,Oeste,Ana Silva,3332,3,5205.121186914829,-1873.12,Desconhecida,,
2025-01-23,Mouse,Informática,Norte,Carla Dias,11159,20,341.77338344516306,10817.23,Boa Vista,2.825202,-60.651628
2023-02-04,Teclado,Informática,Oeste,Bruno Costa,3310,15,88.96128295729196,3221.04,Desconhecida,,
2024-12-27,Teclado,Informática,Leste,Bruno Costa,6726,5,704.2391717628493,6021.76,Desconhecida,,
2025-04-28,Webcam,Informática,Leste,Ana Silva,9053,13,6122.951269878582,2930.05,Desconhecida,,
2023-03-31,Teclado,Informática,Leste,Ana Silva,2736,19,4709.8456641919365,-1973.8500000000004,Desconhecida,,
2025-02-14,Teclado,Periféricos,Sul,Eva Santos,2798,12,381.8965018928535,2416.1,Joinville,-26.33406,-48.82434
2024-08-27,Headphone,Armazenamento,Sul,Carla Dias,7463,23,3945.728365712792,3517.27,Joinville,-26.256578,-48.860986
2025-08-27,Mouse,Informática,Sul,Ana Silva,1867,21,5719.272507871255,-3852.27,Curitiba,-25.406469,-49.234543
2025-10-18,Headphone,Periféricos,Norte,Bruno Costa,5458,5,6962.095045238386,-1504.1000000000004,Boa Vista,2.805413,-60.664926
2024-02-22,Headphone,Informática,Oeste,Bruno Costa,7557,6,7477.569006019363,79.43000000000029,Desconhecida,,
2023-04-25,Headset,Informática,Sul,Diego Lima,1020,7,2673.329258596208,-1653.33,Joinville,-26.294323,-48.805162
2024-09-08,Headphone,Armazenamento,Oeste,Ana Silva,3724,26,1155.7928330330644,2568.21,Desconhecida,,
2025-04-05,Webcam,Informática,Oeste,Eva Santos,5977,10,1956.453292193064,4020.55,Desconhecida,,
2024-02-17,Webcam,Periféricos,Oeste,Carla Dias,8136,16,6227.278216958572,1908.7200000000005,Desconhecida,,
2024-12-29,Memória RAM,Periféricos,Norte,Eva Santos,8612,8,7774.1549831351,837.8500000000004,Porto Velho,-8.777252,-63.85491
2025-10-17,Headset,Armazenamento,Norte,Bruno Costa,9885,9,3773.837449494214,6111.16,Boa Vista,2.79786,-60.715908
2025-01-30,Memória RAM,Informática,Leste,Eva Santos,8891,27,2498.397451298495,6392.6,Desconhecida,,
2024-11-06,Memória RAM,Periféricos,Leste,Bruno Costa,5919,4,3479.189409123473,2439.81,Desconhecida,,
2024-04-01,SSD,Informática,Oeste,Bruno Costa,5883,21,2494.120105589449,3388.88,Desconhecida,,
2025-07-08,Mouse,Informática,Leste,Bruno Costa,10054,21,2111.3811838006623,7942.62,Desconhecida,,
2023-07-11,Mouse,Informática,Oeste,Bruno Costa,3390,8,4782.505959064863,-1392.5100000000002,Desconhecida,,
2025-01-08,Headphone,Armazenamento,Norte,Bruno Costa,9704,25,204.62896455847164,9499.37,Manaus,-3.103748,-60.022149
2025-09-04,Headphone,Informática,Norte,Diego Lima,5043,7,2135.653809426706,2907.35,Palmas,-10.288031,-48.349056
2025-10-05,SSD,Periféricos,Norte,Eva Santos,9626,15,5318.146056532313,4307.85,Manaus,-3.09252,-59.984029
2023-04-06,Headphone,Informática,Sul,Diego Lima,1036,21,333.9365547498958,702.06,Florianópolis,-27.555236,-48.499543
2024-10-24,Mouse,Periféricos,Oeste,Diego Lima,6004,3,738.9583867507652,5265.04,Desconhecida,,
2023-02-06,Memória RAM,Informática,Norte,Ana Silva,5468,17,2403.697466703416,3064.3,Boa Vista,2.787279,-60.695353
2023-10-06,Teclado,Periféricos,Oeste,Ana Silva,2408,11,7032.2140049831605,-4624.21,Desconhecida,,
2023-08-05,Webcam,Periféricos,Leste,Ana Silva,4532,9,6137.898388509146,-1605.8999999999996,Desconhecida,,
2025-05-16,Teclado,Informática,Leste,Carla Dias,1935,5,255.4805049766487,1679.52,Desconhecida,,
2025-05-22,Teclado,Informática,Norte,Ana Silva,11885,25,4053.565508172856,7831.43,Manaus,-3.143674,-60.055669
2023-03-03,Mouse,Periféricos,Oeste,Eva Santos,7877,10,2255.524952380341,5621.48,Desconhecida,,
2024-08-18,Teclado,Armazenamento,Norte,Diego Lima,445,15,5217.2736197715385,-4772.27,Macapá,0.014503,-51.082275
2024-12-29,SSD,Informática,Leste,Eva Santos,10395,28,5794.7067501402125,4600.29,Desconhecida,,
2024-02-01,Headset,Armazenamento,Norte,Ana Silva,2747,29,6913.871610863917,-4166.87,Rio Branco,-9.948165,-67.854219
2024-11-29,Headphone,Informática,Oeste,Carla Dias,830,14,3845.296597863793,-3015.3,Desconhecida,,
2025-11-08,Headset,Informática,Leste,Carla Dias,5040,4,7956.044701281029,-2916.04,Desconhecida,,
2023-06-26,Memória RAM,Informática,Sul,Diego Lima,4448,21,7841.489969713906,-3393.49,Joinville,-26.269852,-48.880751
2024-01-31,Webcam,Informática,Leste,Eva Santos,474,20,7066.760457810583,-6592.76,Desconhecida,,
2024-03-20,Headphone,Armazenamento,Sul,Bruno Costa,8102,2,4632.966401651921,3469.03,Florianópolis,-27.620874,-48.526975
2023-03-17,Teclado,Informática,Norte,Eva Santos,10633,12,3232.210985030215,7400.79,Manaus,-3.081542,-60.037768
2023-09-22,Webcam,Periféricos,Norte,Ana Silva,1136,1,2965.939576307097,-1829.94,Rio Branco,-9.972315,-67.850059
2024-03-30,Headphone,Periféricos,Oeste,Bruno Costa,3268,24,176.02802069493904,3091.97,Desconhecida,,
2024-12-18,SSD,Armazenamento,Sul,Carla Dias,910,20,2053.462018159543,-1143.46,Curitiba,-25.389601,-49.245564
2025-01-04,SSD,Informática,Norte,Diego Lima,7908,5,5772.961220797383,2135.04,Palmas,-10.247334,-48.325239
2025-04-30,SSD,Periféricos,Sul,Diego Lima,9378,6,4860.766231153087,4517.23,Joinville,-26.300843,-48.855244
2023-05-24,SSD,Armazenamento,Norte,Carla Dias,1056,24,7338.063738206866,-6282.06,Macapá,-0.001925,-51.106834
2025-06-03,Teclado,Informática,Leste,Ana Silva,5649,11,476.1763539791383,5172.82,Desconhecida,,
2025-12-28,Headset,Periféricos,Norte,Carla Dias,514,8,1309.7906971644584,-795.79,Rio Branco,-10.009042,-67.819458
2024-01-31,Headphone,Periféricos,Oeste,Ana Silva,7919,7,6330.810811668871,1588.1899999999996,Desconhecida,,
2025-11-14,Teclado,Armazenamento,Leste,Bruno Costa,3563,4,2919.380439067044,643.6199999999999,Desconhecida,,
2025-08-05,SSD,Informática,Oeste,Carla Dias,8177,6,1017.2950430455932,7159.7,Desconhecida,,
2025-06-09,Memória RAM,Informática,Leste,Ana Silva,8089,16,7971.888000392706,117.10999999999969,Desconhecida,,
2024-07-22,Headset,Periféricos,Sul,Bruno Costa,9411,20,6315.022397141354,3095.98,Blumenau,-26.929355,-49.062911
2025-11-28,Memória RAM,Periféricos,Oeste,Carla Dias,10597,15,3317.2290111243306,7279.77,Desconhecida,,
2023-04-19,Webcam,Periféricos,Norte,Diego Lima,3231,14,6600.912017413431,-3369.91,Manaus,-3.094839,-60.024824
2025-12-01,Memória RAM,Informática,Sul,Carla Dias,5598,23,5470.382651343694,127.61999999999988,Maringá,-23.455212,-51.891233
2025-07-23,Webcam,Armazenamento,Norte,Eva Santos,3408,12,6336.60009579308,-2928.6000000000004,Boa Vista,2.778511,-60.69156
2024-02-02,Webcam,Armazenamento,Leste,Carla Dias,2257,29,6536.434510319947,-4279.43,Desconhecida,,
2024-09-25,SSD,Informática,Leste,Eva Santos,8078,12,751.0511716593178,7326.95,Desconhecida,,
2025-01-02,Webcam,Armazenamento,Norte,Bruno Costa,3083,16,5013.945270489718,-1930.95,Porto Velho,-8.790005,-63.858022
2023-08-23,Mouse,Periféricos,Norte,Carla Dias,2979,15,133.74157957647452,2845.26,Macapá,0.048801,-51.119169
2024-10-19,Headphone,Armazenamento,Sul,Bruno Costa,8783,29,424.1734707052713,8358.83,Joinville,-26.255163,-48.87061
2025-01-20,Headphone,Armazenamento,Norte,Bruno Costa,5156,13,7239.521671722259,-2083.5200000000004,Palmas,-10.253274,-48.361397
2024-08-10,SSD,Armazenamento,Oeste,Ana Silva,1709,11,4258.3046731459,-2549.3,Desconhecida,,
2025-10-29,Mouse,Periféricos,Oeste,Bruno Costa,1891,17,5908.343728078717,-4017.34,Desconhecida,,
2025-08-11,Memória RAM,Informática,Norte,Bruno Costa,5980,21,6720.927844309716,-740.9300000000003,Manaus,-3.137084,-59.999082
2024-05-06,Teclado,Periféricos,Oeste,Carla Dias,7673,15,7600.727199111514,72.27000000000044,Desconhecida,,
2025-07-01,Memória RAM,Informática,Norte,Carla Dias,775,14,6965.274555548544,-6190.27,Boa Vista,2.820778,-60.630794
2023-06-19,Teclado,Informática,Sul,Diego Lima,1840,10,3907.826673682568,-2067.83,Caxias do Sul,-29.183529,-51.211676
2025-08-03,Webcam,Informática,Oeste,Ana Silva,11123,12,2740.884834453651,8382.119999999999,Desconhecida,,
2025-03-05,Headset,Armazenamento,Oeste,Bruno Costa,8432,16,1303.5864307518225,7128.41,Desconhecida,,
2024-09-25,Teclado,Armazenamento,Norte,Ana Silva,6460,15,3250.546141299257,3209.45,Porto Velho,-8.736238,-63.851219
2023-01-29,Headset,Informática,Oeste,Eva Santos,3156,10,2982.6291469564144,173.3699999999999,Desconhecida,,
2023-12-05,Headphone,Informática,Leste,Bruno Costa,4452,4,4511.832748290517,-59.82999999999993,Desconhecida,,
2024-05-14,Headset,Armazenamento,Sul,Ana Silva,1238,27,5350.834517357131,-4112.83,Blumenau,-26.932766,-49.042249
2024-05-25,Headphone,Periféricos,Sul,Diego Lima,6157,23,7828.337773444776,-1671.34,Joinville,-26.298318,-48.826722
2023-08-05,Mouse,Informática,Oeste,Diego Lima,4761,29,5848.818593917801,-1087.8199999999997,Desconhecida,,
2025-12-29,Mouse,Periféricos,Oeste,Bruno Costa,9522,9,5178.488376947953,4343.51,Desconhecida,,
2024-03-20,SSD,Armazenamento,Leste,Eva Santos,8078,21,2733.9320794052733,5344.07,Desconhecida,,
2025-05-25,SSD,Informática,Leste,Diego Lima,10243,20,353.2707018667418,9889.73,Desconhecida,,
2023-06-16,Webcam,Periféricos,Oeste,Diego Lima,4640,9,2361.951020529159,2278.05,Desconhecida,,
2023-04-01,Teclado,Periféricos,Oeste,Eva Santos,8528,21,6166.1073716401725,2361.8900000000003,Desconhecida,,
2024-12-14,Webcam,Periféricos,Leste,Ana Silva,1747,25,1705.7537711661098,41.25,Desconhecida,,
2023-02-08,Headphone,Armazenamento,Norte,Diego Lima,11750,24,5720.530493898987,6029.47,Porto Velho,-8.791419,-63.872585
2023-06-22,Webcam,Armazenamento,Leste,Carla Dias,3897,20,4671.856353149773,-774.8599999999997,Desconhecida,,
2024-10-14,Headset,Periféricos,Norte,Diego Lima,2820,11,1441.1064084236818,1378.89,Palmas,-10.286164,-48.346785
2025-01-23,Headphone,Periféricos,Sul,Ana Silva,8581,11,2152.068465831293,6428.93,Londrina,-23.340635,-51.191248
2025-12-17,SSD,Armazenamento,Sul,Ana Silva,2730,7,4010.7245396128938,-1280.7199999999998,Florianópolis,-27.554367,-48.577748
2024-04-20,Mouse,Periféricos,Leste,Bruno Costa,7582,21,3393.527664454152,4188.469999999999,Desconhecida,,
2024-03-31,SSD,Periféricos,Norte,Carla Dias,8480,10,6246.225672570336,2233.7700000000004,Boa Vista,2.868792,-60.664794
2025-04-08,Teclado,Armazenamento,Leste,Ana Silva,2656,4,5896.484768942516,-3240.48,Desconhecida,,
2025-06-13,Headphone,Periféricos,Leste,Eva Santos,4875,5,4630.630067506296,244.3699999999999,Desconhecida,,
2025-10-21,Headphone,Periféricos,Norte,Carla Dias,10587,5,6592.415714865568,3994.58,Macapá,0.053443,-51.117077
2024-01-22,Headset,Periféricos,Leste,Carla Dias,4450,11,4536.342762219724,-86.34000000000015,Desconhecida,,
2023-12-14,Teclado,Armazenamento,Sul,Eva Santos,10091,9,7717.9629127255,2373.04,Joinville,-26.293477,-48.854306
2023-07-09,Mouse,Periféricos,Oeste,Diego Lima,8909,28,1800.414865276565,7108.59,Desconhecida,,
2024-05-19,Memória RAM,Armazenamento,Oeste,Eva Santos,7152,16,5735.92538932905,1416.0699999999997,Desconhecida,,
2025-04-03,Headphone,Armazenamento,Leste,Eva Santos,9223,9,3009.957525871386,6213.04,Desconhecida,,
2025-07-17,Headphone,Informática,Norte,Diego Lima,6281,22,2289.412259807936,3991.59,Rio Branco,-10.000979,-67.783633
2025-07-22,Headset,Informática,Norte,Diego Lima,8981,4,1508.668809664286,7472.33,Porto Velho,-8.718813,-63.866068
2023-05-14,Webcam,Periféricos,Sul,Diego Lima,4687,2,4455.827531991427,231.17000000000007,Blumenau,-26.894901,-49.039633
2023-02-27,Mouse,Armazenamento,Norte,Diego Lima,2485,14,1786.5179073737531,698.48,Palmas,-10.222841,-48.326239
2024-11-15,SSD,Informática,Norte,Diego Lima,4471,3,1666.7787434713748,2804.2200000000003,Boa Vista,2.797523,-60.661318
2024-11-02,Teclado,Periféricos,Sul,Eva Santos,3135,18,7925.012688263838,-4790.01,Joinville,-26.325568,-48.872919
2023-06-22,Headphone,Informática,Leste,Bruno Costa,709,21,6429.839541418425,-5720.84,Desconhecida,,
2025-03-25,Headphone,Informática,Oeste,Bruno Costa,863,6,6006.352416414653,-5143.35,Desconhecida,,
2023-03-21,SSD,Armazenamento,Sul,Ana Silva,4743,11,6368.960156991419,-1625.96,Florianópolis,-27.62863,-48.597249
2025-06-04,Mouse,Armazenamento,Leste,Bruno Costa,4138,21,7753.869159852441,-3615.87,Desconhecida,,
2023-07-22,Webcam,Informática,Sul,Bruno Costa,6353,18,4620.351374925372,1732.6499999999996,Maringá,-23.386583,-51.969467
2025-02-02,Headphone,Informática,Leste,Eva Santos,406,12,1824.3315090306555,-1418.33,Desconhecida,,
2023-02-16,Mouse,Armazenamento,Sul,Diego Lima,8918,5,6908.700354765653,2009.3,Curitiba,-25.378539,-49.304041
2024-10-17,SSD,Periféricos,Leste,Diego Lima,187,9,5962.427377276394,-5775.43,Desconhecida,,
2024-04-15,Headset,Armazenamento,Sul,Eva Santos,10414,20,3361.3218336866507,7052.68,Joinville,-26.292533,-48.80541
2025-08-28,Webcam,Informática,Leste,Bruno Costa,8802,28,3830.6704287111993,4971.33,Desconhecida,,
2025-11-01,Teclado,Periféricos,Sul,Eva Santos,9782,26,3337.118995952643,6444.88,Blumenau,-26.890326,-49.089037
2025-01-05,Headphone,Informática,Oeste,Ana Silva,1982,18,7445.141909013712,-5463.14,Desconhecida,,
2025-02-22,Mouse,Periféricos,Oeste,Diego Lima,7750,19,2800.7703630664896,4949.23,Desconhecida,,
2025-08-25,Headset,Informática,Norte,Carla Dias,5317,3,7710.795486956886,-2393.8,Manaus,-3.151364,-60.02935
2023-12-24,Teclado,Periféricos,Leste,Ana Silva,11741,9,7289.352428331283,4451.65,Desconhecida,,
2025-08-29,Memória RAM,Periféricos,Sul,Ana Silva,582,4,5073.727446605533,-4491.73,Florianópolis,-27.580131,-48.498796
2024-10-29,Mouse,Informática,Leste,Eva Santos,4301,17,4672.188442952592,-371.1899999999996,Desconhecida,,
2024-01-08,Mouse,Periféricos,Oeste,Bruno Costa,6561,17,3011.1070981541693,3549.89,Desconhecida,,
2025-10-28,Teclado,Armazenamento,Leste,Diego Lima,1901,23,225.24004096434703,1675.76,Desconhecida,,
2024-11-06,Headset,Informática,Sul,Carla Dias,10389,23,1090.7756350030058,9298.22,Londrina,-23.308379,-51.177122
2023-03-31,Memória RAM,Armazenamento,Leste,Ana Silva,5147,2,6053.512080928425,-906.5100000000002,Desconhecida,,
2024-11-28,SSD,Informática,Sul,Carla Dias,5870,9,3814.597802578269,2055.4,Maringá,-23.391754,-51.900088
2024-06-23,Headset,Periféricos,Oeste,Bruno Costa,7766,9,1266.7180227687074,6499.28,Desconhecida,,
2025-01-01,Webcam,Periféricos,Oeste,Bruno Costa,11182,5,2170.5699647244182,9011.43,Desconhecida,,
2025-05-18,Headphone,Periféricos,Oeste,Carla Dias,406,15,7586.868246788237,-7180.87,Desconhecida,,
2023-02-10,Teclado,Informática,Norte,Diego Lima,821,15,2987.6920556572995,-2166.69,Porto Velho,-8.721897,-63.936009
2025-01-09,SSD,Armazenamento,Oeste,Bruno Costa,639,3,7268.841006135695,-6629.84,Desconhecida,,
2024-05-16,Memória RAM,Armazenamento,Leste,Carla Dias,7039,19,2492.7157917651275,4546.280000000001,Desconhecida,,
2025-08-16,Teclado,Informática,Norte,Ana Silva,2246,28,4382.303147387915,-2136.3,Belém,-1.500519,-48.540148
2025-07-17,Teclado,Informática,Oeste,Carla Dias,1832,3,242.17850022860728,1589.82,Desconhecida,,
2024-04-05,Headset,Armazenamento,Leste,Carla Dias,2610,6,4213.250874158729,-1603.25,Desconhecida,,
2025-01-01,Headphone,Armazenamento,Leste,Eva Santos,4679,4,5124.580724036192,-445.5799999999999,Desconhecida,,
2025-01-21,Webcam,Armazenamento,Leste,Bruno Costa,5271,24,1935.6963867504487,3335.3,Desconhecida,,
2025-07-13,Mouse,Armazenamento,Sul,Diego Lima,2125,13,4665.182435546428,-2540.1800000000003,Curitiba,-25.396088,-49.269406
2025-06-27,Mouse,Informática,Norte,Diego Lima,3366,27,5205.568754643806,-1839.57,Macapá,-0.005824,-51.079952
2024-01-25,Teclado,Informática,Leste,Eva Santos,9731,13,5520.137740783512,4210.86,Desconhecida,,
2025-06-01,Headphone,Periféricos,Sul,Diego Lima,4665,27,6229.114310415057,-1564.1099999999997,Maringá,-23.395267,-51.932882
2023-09-13,Memória RAM,Armazenamento,Oeste,Carla Dias,5842,11,2545.806804000979,3296.19,Desconhecida,,
2024-12-09,Memória RAM,Periféricos,Leste,Eva Santos,9926,5,4576.793494940475,5349.21,Desconhecida,,
2024-03-25,SSD,Informática,Sul,Ana Silva,5089,1,7854.105915735588,-2765.11,Londrina,-23.279351,-51.207709
2023-01-10,Headset,Informática,Leste,Bruno Costa,5713,9,7193.3018316680445,-1480.3000000000002,Desconhecida,,
2025-04-03,Headphone,Periféricos,Norte,Bruno Costa,3113,17,7625.110190539062,-4512.11,Belém,-1.488265,-48.457889
2025-03-08,Headphone,Armazenamento,Norte,Bruno Costa,4679,22,3138.2002763462856,1540.8000000000002,Manaus,-3.069961,-60.057979
2025-05-26,Headset,Armazenamento,Oeste,Carla Dias,6936,1,6312.470598701561,623.5299999999997,Desconhecida,,
2025-10-25,Memória RAM,Armazenamento,Leste,Ana Silva,6350,3,4989.591777941954,1360.41,Desconhecida,,
2025-10-12,Memória RAM,Armazenamento,Sul,Eva Santos,1126,15,735.2618578529494,390.74,Joinville,-26.25694,-48.811414
2024-01-09,Memória RAM,Periféricos,Oeste,Eva Santos,7495,26,6605.924682123958,889.0799999999999,Desconhecida,,
2025-12-24,Teclado,Periféricos,Leste,Bruno Costa,11706,21,5442.642108750328,6263.36,Desconhecida,,
2023-05-26,Headphone,Informática,Oeste,Ana Silva,195,26,1655.425487360913,-1460.43,Desconhecida,,
2023-08-12,Mouse,Armazenamento,Sul,Ana Silva,1343,23,711.5293748413338,631.47,Londrina,-23.271645,-51.148547
2023-06-26,Headset,Armazenamento,Oeste,Ana Silva,11684,10,6709.215274734779,4974.78,Desconhecida,,
2025-05-02,Memória RAM,Armazenamento,Oeste,Diego Lima,4662,8,704.9024895703124,3957.1,Desconhecida,,
2023-03-04,SSD,Periféricos,Oeste,Diego Lima,5093,12,803.5226137021782,4289.48,Desconhecida,,
2025-04-06,Memória RAM,Armazenamento,Leste,Bruno Costa,6432,25,3465.073640202177,2966.93,Desconhecida,,
2025-03-05,Memória RAM,Periféricos,Sul,Ana Silva,396,22,1147.5988010822584,-751.5999999999999,Caxias do Sul,-29.161678,-51.190863
2024-11-19,Webcam,Armazenamento,Norte,Ana Silva,3369,15,7316.263211746337,-3947.26,Rio Branco,-9.973208,-67.843425
2023-04-15,Teclado,Armazenamento,Leste,Eva Santos,9133,27,3804.6487752048342,5328.35,Desconhecida,,
2024-05-25,Headset,Informática,Norte,Eva Santos,786,9,4587.675766784206,-3801.68,Belém,-1.499192,-48.540093
2024-01-20,Webcam,Armazenamento,Norte,Bruno Costa,3925,24,7430.600228666452,-3505.6000000000004,Manaus,-3.079549,-60.007071
2024-02-09,Webcam,Armazenamento,Leste,Ana Silva,2571,25,4279.684747055721,-1708.6800000000003,Desconhecida,,
2025-04-02,SSD,Informática,Leste,Bruno Costa,9430,10,2880.4418759819628,6549.56,Desconhecida,,
2024-06-01,Headphone,Periféricos,Sul,Eva Santos,4333,20,6393.468438061388,-2060.4700000000003,Porto Alegre,-29.991046,-51.261751
2024-04-20,SSD,Periféricos,Sul,Eva Santos,11501,9,3587.373564003669,7913.63,Florianópolis,-27.586823,-48.578451
2024-12-09,Headphone,Armazenamento,Oeste,Diego Lima,862,15,2602.2778507702587,-1740.2800000000002,Desconhecida,,
2025-02-09,Headphone,Periféricos,Norte,Bruno Costa,5995,23,5807.977312155834,187.02000000000044,Belém,-1.495884,-48.519501
2025-11-12,Headset,Armazenamento,Sul,Bruno Costa,5473,21,6428.716958775301,-955.7200000000004,Curitiba,-25.460786,-49.309831
2025-09-23,Memória RAM,Informática,Oeste,Ana Silva,6182,21,6350.39204726743,-168.39000000000033,Desconhecida,,
2024-11-07,Headset,Informática,Sul,Ana Silva,3794,1,7823.181359899364,-4029.18,Joinville,-26.318424,-48.893173
2024-12-14,Teclado,Armazenamento,Leste,Diego Lima,7923,2,6310.402235089705,1612.6000000000004,Desconhecida,,
2023-03-24,Headphone,Informática,Sul,Carla Dias,10928,26,6177.872812713595,4750.13,Blumenau,-26.948861,-49.027263
2024-04-01,Webcam,Informática,Norte,Carla Dias,2258,19,6871.283209590864,-4613.28,Boa Vista,2.866467,-60.715817
2023-01-01,Memória RAM,Armazenamento,Sul,Carla Dias,3764,14,81.46674673990704,3682.53,Maringá,-23.458967,-51.921343
2023-02-20,Mouse,Armazenamento,Norte,Bruno Costa,9584,8,2950.456776607144,6633.54,Manaus,-3.156803,-59.986462
2024-11-15,Teclado,Informática,Leste,Bruno Costa,10401,6,5921.816520592623,4479.18,Desconhecida,,
2024-12-17,Headset,Periféricos,Norte,Eva Santos,7107,12,4829.774567993397,2277.23,Boa Vista,2.873168,-60.721382
2024-03-24,SSD,Periféricos,Sul,Bruno Costa,11828,26,1486.370260842412,10341.63,Caxias do Sul,-29.177674,-51.197006
2025-05-30,Teclado,Armazenamento,Oeste,Bruno Costa,5429,27,2485.566065581279,2943.43,Desconhecida,,
2024-05-02,Teclado,Armazenamento,Leste,Bruno Costa,4482,29,2747.397479770286,1734.6,Desconhecida,,
2023-02-03,Memória RAM,Periféricos,Sul,Diego Lima,4050,15,4577.198640484743,-527.1999999999998,Maringá,-23.420636,-51.933933
2023-04-05,Teclado,Informática,Leste,Bruno Costa,10947,14,6666.258507813325,4280.74,Desconhecida,,
2025-12-31,Teclado,Periféricos,Leste,Ana Silva,8089,21,7465.334895839224,623.6700000000001,Desconhecida,,
2023-06-03,Mouse,Periféricos,Sul,Ana Silva,11376,29,6020.731909800821,5355.27,Blumenau,-26.956595,-49.083991
2023-09-07,SSD,Periféricos,Sul,Eva Santos,7113,1,6756.167090200334,356.8299999999999,Porto Alegre,-30.074272,-51.181086
2024-11-04,SSD,Periféricos,Oeste,Diego Lima,4718,28,3803.159990936008,914.84,Desconhecida,,
2024-03-13,SSD,Armazenamento,Leste,Ana Silva,7988,11,3167.020531408516,4820.98,Desconhecida,,
2023-04-28,Headphone,Armazenamento,Leste,Diego Lima,11705,28,3190.2515745821984,8514.75,Desconhecida,,
2025-02-09,Webcam,Informática,Sul,Diego Lima,1995,25,4959.02514445246,-2964.03,Porto Alegre,-29.991322,-51.228551
2023-09-25,SSD,Informática,Norte,Eva Santos,532,3,1063.9547080020077,-531.95,Rio Branco,-9.980295,-67.818107
2025-12-13,Teclado,Informática,Sul,Diego Lima,4262,19,4669.593927698869,-407.59000000000015,Florianópolis,-27.599218,-48.532125
2023-08-24,Teclado,Informática,Leste,Bruno Costa,7219,18,5347.852252655106,1871.15,Desconhecida,,
2024-01-24,SSD,Periféricos,Sul,Diego Lima,3960,20,3556.157222433412,403.84000000000015,Blumenau,-26.931541,-49.106636
2025-09-16,Memória RAM,Armazenamento,Oeste,Eva Santos,10238,28,7629.084040027646,2608.92,Desconhecida,,
2025-02-01,SSD,Armazenamento,Norte,Eva Santos,1659,2,4897.049117246236,-3238.05,Porto Velho,-8.77229,-63.928946
2024-02-05,Teclado,Informática,Sul,Eva Santos,7723,29,1822.3958201140715,5900.6,Maringá,-23.394946,-51.957558
2024-09-15,Headphone,Informática,Oeste,Ana Silva,1728,25,3875.3927588734487,-2147.39,Desconhecida,,
2025-02-05,Headset,Periféricos,Leste,Bruno Costa,1029,28,5429.203142111528,-4400.2,Desconhecida,,
2025-07-07,Headset,Periféricos,Sul,Ana Silva,2312,26,2643.1426666773937,-331.1399999999999,Caxias do Sul,-29.212542,-51.134848
2025-05-02,SSD,Informática,Leste,Carla Dias,9914,7,710.7615218090635,9203.24,Desconhecida,,
2024-07-31,Mouse,Armazenamento,Oeste,Bruno Costa,9990,8,4700.810226910209,5289.19,Desconhecida,,
2023-03-16,SSD,Armazenamento,Leste,Diego Lima,7864,19,7587.131735467866,276.8699999999999,Desconhecida,,
2024-03-10,Memória RAM,Armazenamento,Oeste,Eva Santos,1509,22,3921.770125660336,-2412.77,Desconhecida,,
2023-04-13,SSD,Informática,Oeste,Carla Dias,4581,15,7256.38391872454,-2675.38,Desconhecida,,
2025-02-02,Headset,Armazenamento,Oeste,Bruno Costa,8298,10,6693.386819903816,1604.6099999999997,Desconhecida,,
2025-01-07,Teclado,Periféricos,Sul,Ana Silva,11311,22,1247.5092463811482,10063.49,Joinville,-26.275835,-48.865628
2025-03-16,SSD,Periféricos,Leste,Eva Santos,4110,29,5688.705780937721,-1578.71,Desconhecida,,
2023-04-08,Teclado,Informática,Leste,Ana Silva,3961,1,3528.886958570069,432.1100000000001,Desconhecida,,
2025-03-08,Teclado,Periféricos,Norte,Bruno Costa,4392,6,2061.95089608246,2330.05,Manaus,-3.152941,-59.994209
2025-05-08,Mouse,Informática,Norte,Bruno Costa,4367,13,5520.551776880288,-1153.5500000000002,Belém,-1.452151,-48.443658
2024-03-10,Teclado,Armazenamento,Norte,Carla Dias,230,14,5961.872891758857,-5731.87,Macapá,0.081258,-51.033836
2024-03-22,Headset,Armazenamento,Norte,Diego Lima,2882,3,1504.7788443799234,1377.22,Rio Branco,-9.965973,-67.787085
2023-09-06,Headphone,Armazenamento,Leste,Ana Silva,7983,11,7322.401881885171,660.6000000000004,Desconhecida,,
2023-06-15,Headphone,Periféricos,Oeste,Carla Dias,2859,3,6029.086172095413,-3170.09,Desconhecida,,
2025-09-10,Webcam,Informática,Oeste,Eva Santos,2572,19,7472.333953204392,-4900.33,Desconhecida,,
2025-10-16,Memória RAM,Armazenamento,Sul,Diego Lima,3791,10,2591.2198926084325,1199.7800000000002,Porto Alegre,-30.023879,-51.225202
2024-06-25,SSD,Informática,Oeste,Carla Dias,817,27,7519.533324684456,-6702.53,Desconhecida,,
2025-01-28,Memória RAM,Armazenamento,Leste,Ana Silva,2646,15,2998.6598500799764,-352.65999999999985,Desconhecida,,
2023-03-22,Headset,Periféricos,Leste,Bruno Costa,3649,11,507.44051050494255,3141.56,Desconhecida,,
2023-05-13,Teclado,Periféricos,Leste,Eva Santos,11840,15,6122.717558575465,5717.28,Desconhecida,,
2025-03-07,Headphone,Informática,Sul,Ana Silva,9786,26,5651.78450117966,4134.22,Curitiba,-25.426354,-49.276932
2025-06-18,Memória RAM,Periféricos,Norte,Diego Lima,9687,27,4815.455058725593,4871.54,Manaus,-3.099987,-60.055361
2023-05-18,Headset,Periféricos,Oeste,Diego Lima,8230,24,3959.958455522658,4270.04,Desconhecida,,
2023-07-03,Headphone,Informática,Leste,Bruno Costa,6973,13,334.74894095524064,6638.25,Desconhecida,,
2025-02-23,Teclado,Armazenamento,Leste,Bruno Costa,1339,5,5026.810232039622,-3687.81,Desconhecida,,
2025-09-10,Memória RAM,Periféricos,Norte,Eva Santos,6754,4,3381.3301525645256,3372.67,Palmas,-10.285138,-48.355453
2023-03-10,Headphone,Informática,Leste,Eva Santos,8800,13,4516.858469708284,4283.14,Desconhecida,,
2024-06-29,SSD,Periféricos,Oeste,Bruno Costa,9554,9,3480.2250283836797,6073.77,Desconhecida,,
2023-02-22,SSD,Periféricos,Sul,Bruno Costa,9253,25,7731.164571500376,1521.84,Porto Alegre,-30.003703,-51.170258
2023-07-24,Webcam,Periféricos,Leste,Diego Lima,1175,17,4864.5424971147095,-3689.54,Desconhecida,,
2023-05-06,Webcam,Periféricos,Oeste,Bruno Costa,7935,2,6013.95173837154,1921.05,Desconhecida,,
2023-02-12,Headphone,Informática,Leste,Carla Dias,10753,24,7495.86782397098,3257.13,Desconhecida,,
2023-04-21,Headset,Informática,Norte,Ana Silva,221,5,4765.466637500578,-4544.47,Porto Velho,-8.75774,-63.851046
2025-01-30,SSD,Informática,Leste,Bruno Costa,5696,16,175.53514115341395,5520.46,Desconhecida,,
2025-04-27,Headset,Periféricos,Leste,Eva Santos,2835,7,351.5900922194955,2483.41,Desconhecida,,
2023-04-05,Headset,Periféricos,Sul,Carla Dias,9535,1,5642.520398086745,3892.48,Curitiba,-25.388101,-49.318789
2025-06-18,Headphone,Periféricos,Norte,Eva Santos,7522,28,2290.354278318165,5231.65,Porto Velho,-8.727452,-63.93865
2023-12-26,Headset,Informática,Norte,Carla Dias,1998,26,4668.687440595754,-2670.69,Palmas,-10.293118,-48.290829
2025-06-18,SSD,Periféricos,Sul,Bruno Costa,10726,12,1682.035274238098,9043.96,Blumenau,-26.91591,-49.024526
2023-10-08,Teclado,Armazenamento,Leste,Ana Silva,2172,21,2220.371090488776,-48.36999999999989,Desconhecida,,
2024-10-28,Webcam,Periféricos,Oeste,Eva Santos,6488,11,4076.757163108756,2411.24,Desconhecida,,
2023-04-03,Teclado,Armazenamento,Norte,Carla Dias,3891,12,7806.51014978017,-3915.51,Belém,-1.408925,-48.509135
2024-11-02,Headset,Periféricos,Norte,Diego Lima,1448,19,4960.8622745367975,-3512.86,Rio Branco,-9.996795,-67.778463
2023-03-02,Teclado,Informática,Leste,Bruno Costa,4252,26,7494.292987743144,-3242.29,Desconhecida,,
2024-09-25,SSD,Periféricos,Leste,Ana Silva,1054,12,7678.288446744624,-6624.29,Desconhecida,,
2025-12-10,SSD,Armazenamento,Norte,Bruno Costa,3176,12,1728.231171650419,1447.77,Belém,-1.40821,-48.455985
2025-10-25,Headset,Armazenamento,Leste,Diego Lima,10370,14,2544.65333155404,7825.35,Desconhecida,,
2024-08-26,Headphone,Periféricos,Oeste,Ana Silva,6859,2,6178.338867252137,680.6599999999999,Desconhecida,,
2024-11-12,Teclado,Armazenamento,Norte,Diego Lima,4861,2,6944.770898147443,-2083.7700000000004,Porto Velho,-8.721308,-63.85322
2024-06-17,Headphone,Armazenamento,Oeste,Bruno Costa,8171,25,4192.275813981059,3978.72,Desconhecida,,
2025-04-17,Headphone,Informática,Oeste,Carla Dias,6119,29,7946.35045286195,-1827.3500000000004,Desconhecida,,
2024-10-06,Mouse,Periféricos,Leste,Bruno Costa,2770,4,171.65181414174054,2598.35,Desconhecida,,
2023-08-21,Headset,Periféricos,Oeste,Bruno Costa,2796,20,2452.773832234908,343.23,Desconhecida,,
2024-06-07,Webcam,Periféricos,Leste,Bruno Costa,5015,23,5015.441089657073,-0.4399999999995998,Desconhecida,,
2023-12-12,SSD,Armazenamento,Sul,Eva Santos,7495,26,3796.776094624864,3698.22,Caxias do Sul,-29.124732,-51.168178
2025-12-05,SSD,Periféricos,Leste,Diego Lima,2439,16,1003.495494116102,1435.5,Desconhecida,,
2024-06-29,Headset,Periféricos,Oeste,Diego Lima,7520,10,2992.8737170060635,4527.13,Desconhecida,,
2025-03-04,Memória RAM,Informática,Sul,Diego Lima,4022,13,281.54137489670927,3740.46,Maringá,-23.418924,-51.889682
2023-09-06,Memória RAM,Informática,Leste,Eva Santos,9827,2,5170.548684916213,4656.45,Desconhecida,,
2023-02-16,Memória RAM,Informática,Oeste,Carla Dias,11493,3,7150.520940531133,4342.48,Desconhecida,,
2023-08-02,Webcam,Armazenamento,Norte,Bruno Costa,7840,19,7088.203060364995,751.8000000000002,Belém,-1.499467,-48.520688
2023-08-27,SSD,Periféricos,Norte,Carla Dias,1590,6,5620.392232223128,-4030.39,Belém,-1.414555,-48.486478
2025-12-15,Headset,Informática,Leste,Eva Santos,915,19,3768.899948343586,-2853.9,Desconhecida,,
2023-12-16,SSD,Informática,Leste,Diego Lima,10780,27,4135.290420036599,6644.71,Desconhecida,,
2023-04-17,Headphone,Informática,Norte,Bruno Costa,4242,21,1164.3970860456502,3077.6,Macapá,0.071314,-51.024516
2025-04-10,Teclado,Periféricos,Oeste,Ana Silva,9491,20,2780.855377504088,6710.139999999999,Desconhecida,,
2023-02-17,Teclado,Periféricos,Oeste,Ana Silva,11907,19,1566.8063579463271,10340.19,Desconhecida,,
2023-12-03,SSD,Periféricos,Oeste,Carla Dias,10314,8,6583.90561053164,3730.09,Desconhecida,,
2025-11-15,Mouse,Armazenamento,Leste,Diego Lima,2816,14,7324.850898596641,-4508.85,Desconhecida,,
2025-03-14,Webcam,Armazenamento,Sul,Ana Silva,8805,10,4332.432230447327,4472.57,Joinville,-26.322427,-48.833381
2023-01-08,Memória RAM,Informática,Sul,Carla Dias,6118,3,5843.8912008625175,274.1099999999997,Porto Alegre,-30.017315,-51.224224
2024-09-16,Webcam,Periféricos,Sul,Eva Santos,7791,6,1042.0009855844496,6749.0,Maringá,-23.398309,-51.966413
2024-12-19,Webcam,Informática,Sul,Carla Dias,2331,29,4899.594374755728,-2568.59,Porto Alegre,-29.990933,-51.24891
2023-10-30,Headphone,Periféricos,Sul,Carla Dias,9984,15,5646.10488931254,4337.9,Maringá,-23.420735,-51.931345
2024-09-30,Webcam,Periféricos,Leste,Carla Dias,4038,23,3665.9235857302942,372.0799999999999,Desconhecida,,
2023-02-25,Teclado,Periféricos,Leste,Bruno Costa,990,23,2006.722829007933,-1016.72,Desconhecida,,
2024-12-26,Headphone,Armazenamento,Sul,Carla Dias,10996,18,7028.80620268782,3967.19,Curitiba,-25.430605,-49.281123
2024-06-09,Headset,Armazenamento,Leste,Carla Dias,6049,14,5963.837062033482,85.15999999999985,Desconhecida,,
2024-04-18,Webcam,Periféricos,Leste,Bruno Costa,4268,19,7206.869672245624,-2938.87,Desconhecida,,
2023-01-28,Webcam,Informática,Sul,Bruno Costa,715,28,6561.748968182762,-5846.75,Caxias do Sul,-29.119661,-51.182499
2023-03-19,Headset,Periféricos,Oeste,Eva Santos,6155,26,7923.765482264592,-1768.7700000000004,Desconhecida,,
2023-12-31,Webcam,Periféricos,Leste,Diego Lima,9306,10,1602.0080470584355,7703.99,Desconhecida,,
2024-10-27,Headset,Informática,Oeste,Ana Silva,10624,15,767.0423210074748,9856.96,Desconhecida,,
2024-06-09,Headphone,Periféricos,Leste,Ana Silva,9337,4,2749.0621073910875,6587.9400000000005,Desconhecida,,
2024-11-29,Teclado,Informática,Leste,Carla Dias,7376,23,1101.7130661842104,6274.29,Desconhecida,,
2025-06-01,Headset,Armazenamento,Sul,Eva Santos,9529,2,4223.190494217297,5305.81,Curitiba,-25.443633,-49.257047
2025-10-27,Mouse,Armazenamento,Leste,Carla Dias,6040,3,5093.588930829321,946.41,Desconhecida,,
2025-10-23,Headset,Informática,Norte,Ana Silva,4461,7,4660.045832173357,-199.05000000000015,Boa Vista,2.816008,-60.644588
2025-07-07,Webcam,Armazenamento,Norte,Bruno Costa,11596,23,2133.1818722909397,9462.82,Porto Velho,-8.760624,-63.876743
2025-01-19,Memória RAM,Armazenamento,Sul,Diego Lima,7886,16,7277.886325272871,608.1099999999997,Joinville,-26.33295,-48.82418
2023-12-29,Memória RAM,Informática,Oeste,Eva Santos,8998,10,247.68512078419732,8750.31,Desconhecida,,
2025-03-16,Headphone,Armazenamento,Oeste,Bruno Costa,3132,19,2836.265761806864,295.73,Desconhecida,,
2025-01-08,SSD,Periféricos,Oeste,Diego Lima,9455,28,5774.420405152643,3680.58,Desconhecida,,
2025-11-04,Headphone,Periféricos,Norte,Eva Santos,6233,17,6154.077096685342,78.92000000000007,Macapá,-0.004028,-51.023795
2024-04-29,SSD,Informática,Oeste,Eva Santos,706,28,3375.6588719003307,-2669.66,Desconhecida,,
2023-01-28,Memória RAM,Armazenamento,Oeste,Ana Silva,3169,19,213.92572099042732,2955.07,Desconhecida,,
2024-12-14,Memória RAM,Periféricos,Sul,Bruno Costa,10646,5,4974.90593866,5671.09,Porto Alegre,-30.008545,-51.196884
2025-11-28,Headset,Periféricos,Oeste,Eva Santos,2730,23,579.7098749710684,2150.29,Desconhecida,,
2023-03-27,Teclado,Armazenamento,Norte,Eva Santos,8296,20,934.2177471358348,7361.78,Palmas,-10.25126,-48.359557
2023-05-06,Mouse,Armazenamento,Norte,Diego Lima,8393,13,5229.985699597824,3163.01,Porto Velho,-8.780367,-63.937672
2025-03-22,Headphone,Periféricos,Norte,Ana Silva,9703,13,2554.9075430514104,7148.09,Belém,-1.450776,-48.469697
2024-06-20,Webcam,Periféricos,Sul,Carla Dias,9536,11,2836.398809449363,6699.6,Porto Alegre,-30.036488,-51.189479
2023-05-25,SSD,Informática,Sul,Ana Silva,4169,11,3935.512049707288,233.48999999999975,Curitiba,-25.403601,-49.241793
2023-01-25,Webcam,Informática,Leste,Carla Dias,3288,16,7830.340887286242,-4542.34,Desconhecida,,
2023-03-08,Teclado,Periféricos,Oeste,Bruno Costa,9990,15,7726.302388250587,2263.7,Desconhecida,,
2023-08-21,SSD,Informática,Sul,Bruno Costa,821,17,3376.787114931795,-2555.79,Porto Alegre,-30.037852,-51.228494
2023-04-19,Headphone,Periféricos,Norte,Eva Santos,927,22,2182.753800368795,-1255.75,Belém,-1.481707,-48.465022
2023-04-21,Headset,Periféricos,Norte,Bruno Costa,5077,18,2476.529849099797,2600.47,Belém,-1.47852,-48.527111
2023-08-16,Webcam,Informática,Sul,Eva Santos,10621,28,2208.7478814399046,8412.25,Florianópolis,-27.601518,-48.567704
2023-04-21,Teclado,Informática,Sul,Ana Silva,3172,19,4295.386792562903,-1123.3900000000003,Maringá,-23.4469,-51.906984
2023-02-03,Headphone,Armazenamento,Sul,Bruno Costa,2010,4,4886.329677783354,-2876.33,Florianópolis,-27.5524,-48.548207
2024-09-14,Memória RAM,Armazenamento,Leste,Ana Silva,3289,22,3951.132754778955,-662.1300000000001,Desconhecida,,
2025-01-17,Memória RAM,Armazenamento,Norte,Ana Silva,1224,22,3311.3153490053664,-2087.32,Boa Vista,2.834852,-60.636822
2024-08-17,Headphone,Periféricos,Leste,Bruno Costa,10058,23,1753.3774975539072,8304.619999999999,Desconhecida,,
2024-02-29,Headphone,Informática,Leste,Ana Silva,9625,5,3901.4442837463375,5723.56,Desconhecida,,
2024-09-04,Headphone,Periféricos,Oeste,Bruno Costa,6913,7,2781.533493315468,4131.469999999999,Desconhecida,,
2024-11-22,SSD,Informática,Norte,Bruno Costa,2136,2,4369.436065362876,-2233.44,Palmas,-10.249669,-48.333564
2023-11-11,Headphone,Periféricos,Norte,Bruno Costa,10975,1,5427.500170852061,5547.5,Macapá,0.040116,-51.035739
2025-05-26,Webcam,Armazenamento,Sul,Carla Dias,9343,12,5095.832421537956,4247.17,Caxias do Sul,-29.206934,-51.206882
2024-10-23,Teclado,Armazenamento,Sul,Ana Silva,6477,10,3742.9224664122994,2734.08,Porto Alegre,-29.999816,-51.168218
2023-10-04,SSD,Armazenamento,Oeste,Diego Lima,1196,8,4483.935200297291,-3287.94,Desconhecida,,
2024-09-15,Headphone,Periféricos,Leste,Bruno Costa,2326,1,2336.0605572092168,-10.059999999999944,Desconhecida,,
2024-05-30,Mouse,Informática,Sul,Ana Silva,2488,12,271.9828514573263,2216.02,Maringá,-23.443691,-51.92267
2025-04-22,Mouse,Informática,Sul,Eva Santos,10197,2,5030.154077011384,5166.85,Londrina,-23.320036,-51.1639
2023-12-16,Teclado,Armazenamento,Norte,Bruno Costa,650,27,2080.3429883704803,-1430.34,Palmas,-10.26947,-48.35732
2025-04-02,Memória RAM,Armazenamento,Norte,Bruno Costa,2383,28,5378.113383740734,-2995.11,Belém,-1.500005,-48.445271
2025-01-28,Headset,Armazenamento,Sul,Diego Lima,10881,10,5996.307316807918,4884.69,Porto Alegre,-30.044312,-51.184288
2025-06-17,Headset,Armazenamento,Norte,Carla Dias,4758,22,7334.147749141946,-2576.15,Manaus,-3.149808,-60.054154
2023-08-31,Memória RAM,Informática,Oeste,Carla Dias,7384,17,7668.332540198535,-284.3299999999999,Desconhecida,,
2024-06-26,SSD,Periféricos,Sul,Bruno Costa,8122,26,163.36628677283542,7958.63,Londrina,-23.263171,-51.205594
2025-11-29,SSD,Periféricos,Norte,Ana Silva,6760,3,7923.763738088728,-1163.7600000000002,Porto Velho,-8.729753,-63.926874
2023-08-17,SSD,Periféricos,Oeste,Eva Santos,10674,7,5489.505082473755,5184.49,Desconhecida,,
2024-07-01,Headset,Periféricos,Norte,Eva Santos,750,12,5176.711350163579,-4426.71,Boa Vista,2.79996,-60.682804
2025-07-08,Mouse,Armazenamento,Norte,Ana Silva,4434,8,200.48771394721484,4233.51,Palmas,-10.273797,-48.296721
2023-01-06,Headset,Armazenamento,Norte,Bruno Costa,9330,20,6900.968622142961,2429.03,Macapá,0.062085,-51.081568
2024-04-12,Webcam,Armazenamento,Sul,Eva Santos,10223,12,1232.2922622027847,8990.71,Londrina,-23.333193,-51.219169
2023-03-16,Headphone,Periféricos,Leste,Carla Dias,4633,3,6711.654819149685,-2078.65,Desconhecida,,
2023-01-04,SSD,Armazenamento,Norte,Ana Silva,6051,17,203.25536636903075,5847.74,Rio Branco,-10.021536,-67.8541
2024-10-07,Mouse,Armazenamento,Oeste,Diego Lima,6279,28,5196.036958993357,1082.96,Desconhecida,,
2023-04-28,Teclado,Informática,Sul,Bruno Costa,1904,9,3523.628147457036,-1619.63,Maringá,-23.430977,-51.908592
2025-05-30,Teclado,Informática,Sul,Ana Silva,2614,10,1670.0724941499343,943.93,Curitiba,-25.441246,-49.304416
2024-05-18,Headphone,Armazenamento,Oeste,Eva Santos,10565,22,931.886222821838,9633.11,Desconhecida,,
2025-08-04,Mouse,Informática,Norte,Bruno Costa,4632,6,3565.8113566469056,1066.19,Macapá,0.071081,-51.055175
2024-07-27,Headset,Informática,Leste,Carla Dias,9836,25,1056.5819781456842,8779.42,Desconhecida,,
2023-07-13,Headset,Armazenamento,Norte,Bruno Costa,9194,1,3932.657164593096,5261.34,Macapá,0.026084,-51.079065
2025-04-26,Webcam,Armazenamento,Oeste,Bruno Costa,7550,22,5031.71910453059,2518.28,Desconhecida,,
2024-12-15,Webcam,Armazenamento,Sul,Carla Dias,6956,12,6632.882813370276,323.1199999999999,Blumenau,-26.893943,-49.106321
2025-11-15,Headset,Armazenamento,Leste,Carla Dias,8793,5,5454.903542488304,3338.1000000000004,Desconhecida,,
2023-06-22,Teclado,Periféricos,Sul,Bruno Costa,10666,13,596.3821523127117,10069.62,Londrina,-23.335962,-51.173217
2023-11-22,SSD,Periféricos,Oeste,Carla Dias,7546,27,2514.8656577788706,5031.13,Desconhecida,,
2025-04-15,Teclado,Armazenamento,Norte,Ana Silva,7488,15,2360.7905748254034,5127.21,Belém,-1.425528,-48.513597
2024-12-24,Webcam,Informática,Leste,Carla Dias,10100,22,7327.056793890987,2772.94,Desconhecida,,
2023-08-13,Headphone,Armazenamento,Sul,Carla Dias,11695,11,6952.833791590687,4742.17,Blumenau,-26.955896,-49.02172
2024-06-15,Headset,Armazenamento,Sul,Bruno Costa,5391,8,3011.5715133353024,2379.43,Caxias do Sul,-29.195331,-51.144733
2023-04-23,Webcam,Informática,Sul,Ana Silva,7544,5,643.5496265900423,6900.45,Joinville,-26.31458,-48.895188
2023-05-20,Webcam,Periféricos,Norte,Diego Lima,6587,2,7161.329957013489,-574.3299999999999,Manaus,-3.105075,-59.993409
2024-07-12,SSD,Armazenamento,Leste,Diego Lima,4845,12,7114.464427476363,-2269.46,Desconhecida,,
2023-01-01,Headset,Armazenamento,Norte,Eva Santos,11680,28,6849.589365683342,4830.41,Belém,-1.4207,-48.455362
2023-03-31,SSD,Periféricos,Norte,Carla Dias,2738,2,6773.046570865173,-4035.05,Manaus,-3.163946,-59.984958
2024-10-15,Headset,Periféricos,Norte,Carla Dias,1932,26,3883.611688602345,-1951.61,Belém,-1.47522,-48.478308
2023-11-16,SSD,Informática,Oeste,Ana Silva,6097,16,1485.258685816818,4611.74,Desconhecida,,
2023-05-19,Teclado,Periféricos,Oeste,Diego Lima,6744,21,3861.7053596624273,2882.29,Desconhecida,,
2025-04-24,Headphone,Periféricos,Oeste,Eva Santos,3670,3,3997.214343702162,-327.21000000000004,Desconhecida,,
2023-09-16,Headphone,Periféricos,Leste,Ana Silva,10121,10,3960.259485699297,6160.74,Desconhecida,,
2025-06-20,Headset,Informática,Norte,Carla Dias,11474,19,4347.07888203172,7126.92,Palmas,-10.217049,-48.299365
2024-11-20,Mouse,Periféricos,Norte,Diego Lima,11915,8,2120.6436220899486,9794.36,Rio Branco,-9.996615,-67.863116
2023-01-10,Memória RAM,Periféricos,Oeste,Eva Santos,3368,7,2980.630154578231,387.3699999999999,Desconhecida,,
2023-09-18,Webcam,Informática,Norte,Bruno Costa,3907,1,3518.7578083506787,388.2399999999998,Boa Vista,2.831764,-60.68629
2023-06-21,Webcam,Periféricos,Norte,Diego Lima,4166,12,1118.4799793706788,3047.52,Macapá,0.063589,-51.028085
2025-06-16,Headset,Periféricos,Sul,Eva Santos,2987,29,3686.483945727084,-699.48,Maringá,-23.396848,-51.915503
2023-01-13,SSD,Informática,Norte,Ana Silva,10723,28,6498.919367191176,4224.08,Belém,-1.453491,-48.521347
2023-11-17,Mouse,Armazenamento,Sul,Bruno Costa,6150,5,6638.23157844438,-488.2299999999996,Florianópolis,-27.549337,-48.525816
2023-11-25,Teclado,Informática,Norte,Eva Santos,7184,16,3339.58507345616,3844.41,Rio Branco,-9.933614,-67.776481
2025-02-23,SSD,Periféricos,Leste,Eva Santos,7459,25,4188.961831708079,3270.04,Desconhecida,,
2025-02-15,SSD,Periféricos,Oeste,Carla Dias,4389,4,346.5106305096486,4042.49,Desconhecida,,
2025-06-29,Headset,Periféricos,Sul,Diego Lima,4578,17,5421.505847231288,-843.5100000000002,Porto Alegre,-30.043363,-51.180146
2023-11-14,Headset,Informática,Oeste,Carla Dias,9761,24,3284.4785929391555,6476.52,Desconhecida,,
2023-08-24,Webcam,Periféricos,Sul,Bruno Costa,4300,21,3608.1832500200985,691.8200000000002,Curitiba,-25.440122,-49.225302
2023-11-30,Headset,Periféricos,Sul,Eva Santos,9672,2,6999.487999263737,2672.51,Joinville,-26.324368,-48.821681
2024-01-11,Headset,Informática,Sul,Carla Dias,11259,12,3737.728721720018,7521.27,Blumenau,-26.935714,-49.055464
2024-08-10,Headset,Armazenamento,Leste,Diego Lima,1596,1,247.84259012459387,1348.16,Desconhecida,,
2024-05-27,Webcam,Armazenamento,Norte,Bruno Costa,9782,12,1881.727855682974,7900.27,Palmas,-10.277084,-48.303108
2025-07-06,Teclado,Periféricos,Sul,Ana Silva,11186,12,3846.915265321411,7339.08,Curitiba,-25.422048,-49.273739
2025-05-22,Teclado,Informática,Leste,Carla Dias,6618,12,3441.218638568403,3176.78,Desconhecida,,
2023-09-27,Memória RAM,Periféricos,Sul,Bruno Costa,5940,19,6894.131487261407,-954.13,Maringá,-23.467411,-51.943656
2025-03-08,Memória RAM,Informática,Norte,Ana Silva,4325,25,4373.72907370484,-48.72999999999956,Palmas,-10.204585,-48.369212
2024-12-25,Headset,Informática,Sul,Carla Dias,5230,17,5541.915075967759,-311.9200000000001,Florianópolis,-27.619639,-48.511339
2023-01-05,Memória RAM,Armazenamento,Leste,Bruno Costa,1014,20,3797.040512584283,-2783.04,Desconhecida,,
2025-04-30,Webcam,Armazenamento,Norte,Bruno Costa,7010,24,3562.073413748586,3447.93,Rio Branco,-10.003808,-67.821771
2023-03-19,Teclado,Informática,Leste,Carla Dias,8813,24,3614.5904143168623,5198.41,Desconhecida,,
2024-07-27,SSD,Periféricos,Norte,Bruno Costa,6367,26,3334.498831975204,3032.5,Rio Branco,-10.022682,-67.779048
2023-05-12,Teclado,Armazenamento,Norte,Eva Santos,5822,28,4345.580415965291,1476.42,Belém,-1.434798,-48.476644
2024-08-23,Teclado,Periféricos,Oeste,Carla Dias,1652,11,2063.511741888541,-411.5100000000002,Desconhecida,,
2025-12-01,Webcam,Armazenamento,Oeste,Bruno Costa,4834,13,7137.157135227221,-2303.16,Desconhecida,,
2023-03-30,Memória RAM,Armazenamento,Oeste,Ana Silva,1560,27,2718.0375409034737,-1158.04,Desconhecida,,
2024-02-06,SSD,Periféricos,Norte,Ana Silva,3920,8,1248.388766684587,2671.61,Manaus,-3.087825,-60.036744
2023-10-23,Webcam,Armazenamento,Sul,Eva Santos,10247,10,844.6797904941413,9402.32,Blumenau,-26.911539,-49.101997
2024-09-07,Headset,Armazenamento,Leste,Carla Dias,4809,8,186.30948775141067,4622.69,Desconhecida,,
2025-03-10,Headphone,Periféricos,Leste,Bruno Costa,4151,20,3429.020142249543,721.98,Desconhecida,,
2024-02-26,Teclado,Armazenamento,Leste,Bruno Costa,11846,8,1565.8790292797637,10280.12,Desconhecida,,
2025-11-12,Headphone,Armazenamento,Oeste,Ana Silva,3633,9,251.45138849100348,3381.55,Desconhecida,,
2024-07-28,Webcam,Armazenamento,Norte,Eva Santos,4712,7,4198.554806613028,513.4499999999998,Porto Velho,-8.712218,-63.942994
2023-05-23,Webcam,Periféricos,Oeste,Ana Silva,748,14,5465.430105314031,-4717.43,Desconhecida,,
2025-09-19,Webcam,Informática,Sul,Ana Silva,9333,28,759.1483232159464,8573.85,Curitiba,-25.420376,-49.245858
2024-10-26,Headphone,Periféricos,Norte,Eva Santos,10274,2,3730.492521523704,6543.51,Manaus,-3.080782,-60.007853
2023-05-25,Webcam,Informática,Leste,Carla Dias,11126,25,5969.539134517913,5156.46,Desconhecida,,
2025-10-03,Headset,Armazenamento,Oeste,Bruno Costa,3191,11,7887.590022386727,-4696.59,Desconhecida,,
2024-05-17,Webcam,Informática,Oeste,Carla Dias,8310,8,5364.1475295690825,2945.8500000000004,Desconhecida,,
2025-03-31,Mouse,Periféricos,Sul,Diego Lima,6541,13,2019.129242411403,4521.87,Londrina,-23.274843,-51.19353
2023-04-14,Memória RAM,Periféricos,Sul,Diego Lima,7437,21,5755.104827049677,1681.8999999999996,Joinville,-26.329865,-48.814493
2025-11-28,Headphone,Armazenamento,Oeste,Diego Lima,216,15,4815.601060413053,-4599.6,Desconhecida,,
2023-07-17,Mouse,Informática,Sul,Eva Santos,8273,28,1757.450365565858,6515.55,Porto Alegre,-29.998959,-51.259926
2024-08-01,Webcam,Armazenamento,Leste,Ana Silva,11740,3,6820.797740712634,4919.2,Desconhecida,,
2024-01-26,Headset,Armazenamento,Sul,Carla Dias,2900,23,3465.043063642599,-565.04,Maringá,-23.40161,-51.89232
2024-07-07,Teclado,Periféricos,Sul,Bruno Costa,8811,14,7698.863025494277,1112.1400000000003,Porto Alegre,-30.055098,-51.210817
2025-11-04,SSD,Informática,Oeste,Diego Lima,10066,15,5805.375978986402,4260.62,Desconhecida,,
2024-04-22,Memória RAM,Informática,Oeste,Carla Dias,6956,2,5184.940184684031,1771.0600000000004,Desconhecida,,
2025-07-11,SSD,Informática,Norte,Diego Lima,6579,29,5848.5544728143705,730.4499999999998,Belém,-1.492292,-48.470846
2024-02-24,Webcam,Informática,Norte,Diego Lima,8273,19,3866.5283890403134,4406.469999999999,Boa Vista,2.840975,-60.657541
2023-06-06,Memória RAM,Armazenamento,Oeste,Bruno Costa,1781,12,4081.3937041892577,-2300.39,Desconhecida,,
2024-07-03,Memória RAM,Armazenamento,Sul,Eva Santos,6602,25,6821.562492722372,-219.5600000000004,Curitiba,-25.469729,-49.301063
2025-10-17,Headset,Periféricos,Sul,Ana Silva,924,20,5472.954010216543,-4548.95,Joinville,-26.310404,-48.824409
2025-09-23,Memória RAM,Armazenamento,Norte,Eva Santos,11354,4,7186.167135517802,4167.83,Rio Branco,-9.942425,-67.82032
2025-08-08,Headphone,Armazenamento,Norte,Carla Dias,6257,3,7135.347888308207,-878.3500000000004,Belém,-1.429758,-48.492944
2023-10-16,Mouse,Periféricos,Norte,Eva Santos,7954,5,7813.801069630454,140.19999999999982,Macapá,0.046872,-51.026603
2023-07-15,Mouse,Periféricos,Leste,Carla Dias,10845,3,5625.700098055047,5219.3,Desconhecida,,
2024-08-20,Mouse,Periféricos,Leste,Carla Dias,9828,25,4058.229603880997,5769.77,Desconhecida,,
2024-05-31,Headphone,Armazenamento,Norte,Ana Silva,4169,15,1397.1886656559325,2771.81,Macapá,-0.007915,-51.067831
2025-05-14,SSD,Armazenamento,Sul,Bruno Costa,1079,19,5666.614032407545,-4587.61,Londrina,-23.262332,-51.170249
2025-03-16,Headset,Periféricos,Norte,Ana Silva,3162,2,2389.2955167386517,772.6999999999998,Macapá,0.031732,-51.02318
2025-03-25,Memória RAM,Periféricos,Leste,Eva Santos,5174,12,2320.944738855663,2853.06,Desconhecida,,
2023-08-16,Headphone,Periféricos,Sul,Carla Dias,6414,5,1967.2391894686996,4446.76,Joinville,-26.344981,-48.898643
2023-08-04,Mouse,Armazenamento,Leste,Diego Lima,8123,22,7010.966694223485,1112.0299999999995,Desconhecida,,
2025-08-05,Webcam,Armazenamento,Sul,Diego Lima,9847,17,6954.278417722693,2892.7200000000003,Porto Alegre,-30.011253,-51.264485
2023-01-15,Teclado,Informática,Leste,Carla Dias,4879,14,5077.2859233708605,-198.29,Desconhecida,,
2023-02-16,Memória RAM,Armazenamento,Sul,Ana Silva,8111,28,3826.009372456228,4284.99,Curitiba,-25.461664,-49.260636
2023-11-20,Headphone,Armazenamento,Sul,Bruno Costa,11286,27,5403.146523982488,5882.85,Blumenau,-26.936776,-49.051944
2025-04-23,Headphone,Armazenamento,Sul,Ana Silva,2969,22,4889.257246363254,-1920.26,Florianópolis,-27.569436,-48.574932
2023-05-10,Headset,Periféricos,Sul,Carla Dias,6805,10,3372.615246721228,3432.38,Joinville,-26.263921,-48.848679
2023-04-05,Headset,Armazenamento,Oeste,Carla Dias,1334,3,3086.676470486224,-1752.6799999999998,Desconhecida,,
2024-09-18,Headphone,Periféricos,Leste,Bruno Costa,8630,4,3111.7309205111737,5518.27,Desconhecida,,
2025-01-24,Mouse,Informática,Leste,Eva Santos,6493,6,4745.936552995823,1747.0600000000004,Desconhecida,,
2025-03-04,Teclado,Informática,Oeste,Eva Santos,10153,24,5209.541300476941,4943.46,Desconhecida,,
2023-03-10,Memória RAM,Periféricos,Sul,Bruno Costa,677,25,3657.794687842301,-2980.79,Maringá,-23.371472,-51.930623
2023-01-11,Headset,Periféricos,Sul,Eva Santos,1066,22,7752.036285687301,-6686.04,Blumenau,-26.905497,-49.030103
2025-05-21,Memória RAM,Periféricos,Leste,Diego Lima,10050,16,744.0580865954898,9305.94,Desconhecida,,
2024-07-03,Mouse,Armazenamento,Oeste,Eva Santos,3724,7,2828.612445553914,895.3899999999999,Desconhecida,,
2024-12-12,Memória RAM,Informática,Sul,Eva Santos,3469,15,3399.071490353492,69.92999999999984,Porto Alegre,-30.040619,-51.169138
2023-01-23,Webcam,Periféricos,Sul,Eva Santos,1556,21,214.01704024234948,1341.98,Florianópolis,-27.546895,-48.507389
2025-03-25,Headset,Armazenamento,Sul,Diego Lima,1391,28,2970.460926332343,-1579.46,Caxias do Sul,-29.190887,-51.197315
2023-12-12,Mouse,Informática,Norte,Eva Santos,5356,25,2247.7825440089127,3108.22,Rio Branco,-9.970672,-67.818822
2023-10-29,Mouse,Armazenamento,Oeste,Diego Lima,7399,20,4087.807260201648,3311.19,Desconhecida,,
2023-12-29,Teclado,Informática,Sul,Bruno Costa,3283,26,2744.3715336914925,538.6300000000001,Joinville,-26.279583,-48.865345
2024-01-31,Teclado,Armazenamento,Norte,Ana Silva,948,11,5831.362508775973,-4883.36,Porto Velho,-8.778132,-63.937677
2023-08-06,Webcam,Informática,Oeste,Bruno Costa,1673,22,4118.665363628576,-2445.67,Desconhecida,,
2023-05-21,Mouse,Informática,Sul,Ana Silva,7359,21,1107.7168892904135,6251.28,Blumenau,-26.946613,-49.040166
2025-08-15,SSD,Armazenamento,Leste,Bruno Costa,5078,1,6020.48568722323,-942.4899999999998,Desconhecida,,
2025-09-11,Mouse,Periféricos,Norte,Ana Silva,3038,5,865.8928569747986,2172.11,Macapá,0.016536,-51.1017
2025-09-19,Teclado,Informática,Norte,Ana Silva,2840,13,6725.26941118851,-3885.27,Belém,-1.478297,-48.533705
2025-04-07,SSD,Periféricos,Sul,Carla Dias,4241,21,7456.863777162857,-3215.86,Londrina,-23.349007,-51.161427
2024-11-13,Headset,Armazenamento,Sul,Ana Silva,7432,14,2633.766698264043,4798.23,Maringá,-23.385621,-51.96776
2025-09-30,Headset,Periféricos,Norte,Ana Silva,9583,9,7415.049655442413,2167.95,Manaus,-3.108343,-60.027231
2023-12-22,Memória RAM,Periféricos,Leste,Carla Dias,6399,17,6360.624620250504,38.38000000000011,Desconhecida,,
2025-10-04,Headphone,Periféricos,Leste,Eva Santos,840,15,7385.6900391498575,-6545.69,Desconhecida,,
2025-06-06,Teclado,Periféricos,Oeste,Eva Santos,8869,21,5356.859484413114,3512.1400000000003,Desconhecida,,
2023-05-07,Headphone,Periféricos,Sul,Carla Dias,1645,7,1946.3007922176607,-301.29999999999995,Caxias do Sul,-29.162851,-51.214396
2025-10-05,SSD,Informática,Leste,Diego Lima,11235,27,7164.624036334903,4070.38,Desconhecida,,
2024-08-26,Teclado,Informática,Oeste,Ana Silva,1042,22,1539.3794032722903,-497.3800000000001,Desconhecida,,
2025-10-10,Webcam,Informática,Leste,Ana Silva,8728,22,1767.4395640588814,6960.56,Desconhecida,,
2023-02-20,Mouse,Armazenamento,Sul,Carla Dias,9591,12,2226.818881911681,7364.18,Blumenau,-26.939373,-49.068377
2025-11-18,Webcam,Periféricos,Oeste,Carla Dias,10870,23,2489.6307869737507,8380.369999999999,Desconhecida,,
2025-02-17,SSD,Informática,Oeste,Diego Lima,6023,6,4154.678765677762,1868.32,Desconhecida,,
2025-03-24,Teclado,Armazenamento,Oeste,Eva Santos,4653,21,5730.582294637629,-1077.58,Desconhecida,,
2024-02-24,SSD,Informática,Leste,Bruno Costa,11870,16,7415.568741253415,4454.43,Desconhecida,,
2025-09-09,Mouse,Informática,Sul,Eva Santos,1047,26,780.4256916971793,266.57000000000005,Porto Alegre,-30.006935,-51.186648
2025-04-04,Headset,Periféricos,Oeste,Ana Silva,860,5,7638.605348847628,-6778.61,Desconhecida,,
2025-10-21,Headset,Armazenamento,Norte,Carla Dias,3845,9,7376.877899406762,-3531.88,Boa Vista,2.821002,-60.665459
2024-07-20,SSD,Periféricos,Sul,Diego Lima,2836,14,507.6743940738284,2328.33,Londrina,-23.350245,-51.197241
2024-01-06,Headphone,Periféricos,Norte,Eva Santos,7338,8,2933.7434105171765,4404.26,Belém,-1.460311,-48.498807
2025-07-24,Teclado,Informática,Norte,Diego Lima,5928,14,6520.0956511707445,-592.1000000000004,Manaus,-3.086558,-59.979131
2024-10-22,Teclado,Periféricos,Oeste,Eva Santos,7918,12,4923.6862401968565,2994.3100000000004,Desconhecida,,
2025-08-26,Headset,Armazenamento,Oeste,Ana Silva,5163,10,6250.424031583621,-1087.42,Desconhecida,,
2023-07-21,Memória RAM,Periféricos,Leste,Bruno Costa,4662,20,5774.744043215909,-1112.7399999999998,Desconhecida,,
2023-11-09,Webcam,Periféricos,Leste,Diego Lima,565,20,4014.419295967136,-3449.42,Desconhecida,,
2023-04-27,Memória RAM,Periféricos,Leste,Diego Lima,9813,26,406.4469239374603,9406.55,Desconhecida,,
2025-07-25,Mouse,Informática,Sul,Bruno Costa,4330,21,4707.4041603508485,-377.3999999999997,Porto Alegre,-30.029568,-51.259884
2024-07-28,Webcam,Armazenamento,Leste,Diego Lima,4412,13,464.6478922296241,3947.35,Desconhecida,,
2023-09-01,Webcam,Informática,Norte,Diego Lima,10773,29,4861.515602878237,5911.48,Palmas,-10.257375,-48.317116
2024-06-20,SSD,Informática,Leste,Eva Santos,2665,19,6419.254030949932,-3754.25,Desconhecida,,
2023-03-16,Headset,Informática,Oeste,Eva Santos,9437,15,4713.134649719195,4723.87,Desconhecida,,
2024-01-21,Memória RAM,Informática,Leste,Bruno Costa,9151,8,7976.412692128641,1174.59,Desconhecida,,
2024-04-19,Memória RAM,Informática,Sul,Ana Silva,11386,23,3690.46268142903,7695.54,Caxias do Sul,-29.166817,-51.198179
2024-02-22,Headset,Armazenamento,Sul,Diego Lima,5790,21,6010.713511743581,-220.71000000000004,Blumenau,-26.896088,-49.079201
2023-12-13,Memória RAM,Periféricos,Norte,Ana Silva,6766,10,5364.329270595908,1401.67,Palmas,-10.281619,-48.352342
2024-10-01,Headset,Informática,Sul,Bruno Costa,1142,3,7932.138997140057,-6790.14,Londrina,-23.260243,-51.146185
2025-07-27,SSD,Informática,Leste,Bruno Costa,9623,21,5728.694520210673,3894.31,Desconhecida,,
2025-08-12,Headphone,Armazenamento,Oeste,Eva Santos,4520,3,1379.123393158364,3140.88,Desconhecida,,
2025-05-25,Webcam,Armazenamento,Sul,Diego Lima,1923,26,7647.700234824548,-5724.7,Joinville,-26.33033,-48.836834
2025-02-01,SSD,Periféricos,Norte,Carla Dias,3711,5,5368.79563345043,-1657.8000000000002,Macapá,0.010689,-51.050107
2024-10-25,Teclado,Armazenamento,Leste,Bruno Costa,3966,16,549.958787986608,3416.04,Desconhecida,,
2023-01-25,Mouse,Periféricos,Norte,Diego Lima,6783,17,5287.94098181413,1495.0600000000004,Palmas,-10.29026,-48.30688
2024-12-10,Headphone,Informática,Sul,Ana Silva,1906,6,7074.305700864218,-5168.31,Maringá,-23.463376,-51.935769
2023-06-26,Teclado,Informática,Sul,Eva Santos,2523,26,4650.171546960998,-2127.17,Florianópolis,-27.570023,-48.569488
2023-10-12,Webcam,Periféricos,Norte,Ana Silva,2726,20,2883.835533213529,-157.84000000000017,Macapá,0.06947,-51.067393
2023-03-04,Memória RAM,Armazenamento,Leste,Bruno Costa,9233,20,6581.604301839278,2651.4,Desconhecida,,
2025-09-29,Headset,Periféricos,Sul,Bruno Costa,4334,16,6277.495104990169,-1943.5,Florianópolis,-27.550102,-48.532921
2024-10-23,Webcam,Armazenamento,Oeste,Ana Silva,9049,24,4389.922661511902,4659.08,Desconhecida,,
2024-10-27,SSD,Informática,Sul,Bruno Costa,2547,2,1302.5452175755306,1244.45,Londrina,-23.340336,-51.204331
2023-06-05,Mouse,Armazenamento,Leste,Diego Lima,10476,20,2067.8129653435963,8408.19,Desconhecida,,
2025-12-08,SSD,Periféricos,Sul,Bruno Costa,10696,15,5928.7930597139575,4767.21,Joinville,-26.325841,-48.884721
2025-08-24,Headphone,Periféricos,Norte,Eva Santos,6119,18,6464.170749927825,-345.1700000000001,Belém,-1.464365,-48.488012
2025-04-28,Headphone,Informática,Sul,Diego Lima,4685,1,2291.781002084639,2393.22,Joinville,-26.326536,-48.895496
2024-11-19,Mouse,Armazenamento,Sul,Carla Dias,7033,26,2994.44181131935,4038.56,Londrina,-23.317128,-51.154467
2023-05-28,Teclado,Armazenamento,Leste,Bruno Costa,8277,29,694.8445311783776,7582.16,Desconhecida,,
2023-12-08,Teclado,Armazenamento,Norte,Bruno Costa,9318,29,5730.618631062678,3587.38,Boa Vista,2.798329,-60.680145
2024-04-20,Headphone,Informática,Leste,Eva Santos,884,19,108.33415323224828,775.67,Desconhecida,,
2025-12-22,Headphone,Armazenamento,Sul,Eva Santos,10810,12,448.6088480550191,10361.39,Curitiba,-25.425356,-49.263948
2024-07-14,Memória RAM,Periféricos,Oeste,Ana Silva,10882,8,114.4050168499921,10767.59,Desconhecida,,
2023-11-23,Headset,Armazenamento,Sul,Ana Silva,782,6,5190.931100033925,-4408.93,Joinville,-26.320017,-48.856572
2025-09-16,Memória RAM,Informática,Leste,Ana Silva,4418,12,3385.7060513883284,1032.29,Desconhecida,,
2023-08-03,Memória RAM,Armazenamento,Oeste,Eva Santos,4249,7,2436.5703498391754,1812.43,Desconhecida,,
2024-03-10,Teclado,Armazenamento,Leste,Ana Silva,3051,18,7308.592002028314,-4257.59,Desconhecida,,
2025-08-09,Mouse,Periféricos,Leste,Ana Silva,1813,22,1606.9981338387247,206.0,Desconhecida,,
2024-12-23,Teclado,Armazenamento,Norte,Carla Dias,10357,14,3163.7946422206924,7193.21,Macapá,0.077816,-51.0213
2023-02-01,Headset,Periféricos,Oeste,Ana Silva,5741,8,7527.269463347793,-1786.2700000000004,Desconhecida,,
2024-10-31,SSD,Periféricos,Sul,Bruno Costa,11523,24,3462.683977669376,8060.32,Londrina,-23.299801,-51.204926
2023-10-12,Headphone,Informática,Leste,Eva Santos,10972,20,4473.173990324698,6498.83,Desconhecida,,
2024-03-04,Headphone,Periféricos,Sul,Diego Lima,4022,22,716.2679832303415,3305.73,Porto Alegre,-30.039349,-51.183435
2023-10-13,Headset,Periféricos,Norte,Carla Dias,1204,14,6338.117784196222,-5134.12,Manaus,-3.13661,-60.02372
2025-11-08,Memória RAM,Informática,Norte,Eva Santos,8722,5,3428.249514538846,5293.75,Belém,-1.458312,-48.527108
2023-01-18,Mouse,Periféricos,Oeste,Eva Santos,3232,9,6420.079786819989,-3188.08,Desconhecida,,
2025-02-07,Headphone,Informática,Norte,Bruno Costa,10733,8,2090.0773290434577,8642.92,Palmas,-10.272519,-48.323894
2024-08-12,Webcam,Armazenamento,Norte,Ana Silva,8157,2,3426.031704446368,4730.969999999999,Manaus,-3.126634,-59.978689
2025-10-06,Memória RAM,Informática,Sul,Bruno Costa,9934,28,6309.467576010882,3624.53,Curitiba,-25.428159,-49.226186
2023-07-13,Headphone,Periféricos,Norte,Ana Silva,4411,16,7793.111914985627,-3382.11,Palmas,-10.248645,-48.288347
2024-05-16,Webcam,Informática,Norte,Ana Silva,11089,13,552.2341531471694,10536.77,Belém,-1.460975,-48.512251
2025-09-14,Headset,Periféricos,Leste,Eva Santos,2539,7,6514.652925157722,-3975.65,Desconhecida,,
2023-04-24,Headset,Armazenamento,Norte,Ana Silva,3703,16,2461.457415606713,1241.54,Porto Velho,-8.713547,-63.931752
2025-08-04,Memória RAM,Informática,Leste,Carla Dias,5288,7,4441.886784657291,846.1099999999997,Desconhecida,,
2025-04-10,Headphone,Armazenamento,Norte,Carla Dias,11369,27,2377.5307384099237,8991.47,Macapá,0.024084,-51.099382
2025-07-13,Teclado,Periféricos,Norte,Carla Dias,9549,14,4938.488142738483,4610.51,Rio Branco,-10.007268,-67.807419
2023-02-24,Webcam,Periféricos,Oeste,Eva Santos,694,14,2882.1184187002864,-2188.12,Desconhecida,,
2025-03-10,Mouse,Armazenamento,Oeste,Bruno Costa,11423,12,2722.2299365432373,8700.77,Desconhecida,,
2025-02-16,Headphone,Informática,Leste,Diego Lima,3813,1,380.4714384526093,3432.53,Desconhecida,,
2023-06-11,Mouse,Informática,Norte,Ana Silva,2389,1,1243.926414758187,1145.07,Boa Vista,2.858762,-60.668605
2023-03-28,Headphone,Periféricos,Sul,Diego Lima,10709,12,7343.259335014593,3365.74,Florianópolis,-27.555391,-48.563735
2023-02-24,Teclado,Armazenamento,Oeste,Bruno Costa,3923,20,7986.357236676111,-4063.36,Desconhecida,,
2025-10-28,Teclado,Armazenamento,Sul,Bruno Costa,2777,21,6261.722960887283,-3484.7200000000003,Porto Alegre,-30.072206,-51.243853
2025-04-12,Memória RAM,Informática,Oeste,Eva Santos,6768,15,2351.555988206015,4416.4400000000005,Desconhecida,,
2023-11-09,Memória RAM,Informática,Oeste,Carla Dias,6930,4,3267.3654964732527,3662.63,Desconhecida,,
2025-01-28,Teclado,Informática,Norte,Carla Dias,10816,7,5936.867362856176,4879.13,Belém,-1.434764,-48.468841
2024-03-18,SSD,Armazenamento,Oeste,Bruno Costa,8165,16,7750.627370514929,414.3699999999999,Desconhecida,,
2023-11-24,Teclado,Informática,Sul,Eva Santos,3280,3,3687.331672176592,-407.3299999999999,Caxias do Sul,-29.201514,-51.177483
2025-12-13,Headset,Informática,Oeste,Eva Santos,11849,7,6649.817529083927,5199.18,Desconhecida,,
2025-01-30,Headset,Periféricos,Leste,Ana Silva,246,29,7802.545866981838,-7556.55,Desconhecida,,
2024-08-01,SSD,Informática,Norte,Carla Dias,4008,24,6997.907514763554,-2989.91,Manaus,-3.142543,-60.067744
2025-12-10,Webcam,Informática,Norte,Bruno Costa,2858,22,1879.0259944289091,978.97,Palmas,-10.288275,-48.350275
2025-10-03,Mouse,Armazenamento,Leste,Diego Lima,5547,6,143.61236189493366,5403.39,Desconhecida,,
2023-04-06,Headphone,Armazenamento,Leste,Carla Dias,11678,16,3977.287106676248,7700.71,Desconhecida,,
2025-03-24,Headphone,Periféricos,Leste,Ana Silva,6302,24,4288.377787026513,2013.62,Desconhecida,,
2024-05-05,SSD,Informática,Oeste,Eva Santos,606,8,1673.9028872452634,-1067.9,Desconhecida,,
2024-03-27,Headset,Periféricos,Norte,Bruno Costa,6064,23,2334.621184218796,3729.38,Porto Velho,-8.80868,-63.930189
2023-06-14,Memória RAM,Armazenamento,Leste,Carla Dias,4518,22,6140.013033920492,-1622.0100000000002,Desconhecida,,
2023-07-01,Headphone,Periféricos,Oeste,Diego Lima,11329,6,3805.15028900802,7523.85,Desconhecida,,
2024-04-13,Headset,Armazenamento,Leste,Ana Silva,4238,10,2593.4443421140327,1644.56,Desconhecida,,
2025-06-28,Webcam,Periféricos,Sul,Ana Silva,9373,16,5011.198136706402,4361.8,Curitiba,-25.401006,-49.246824
2025-01-04,Mouse,Periféricos,Sul,Carla Dias,8549,11,5249.857267330913,3299.1400000000003,Londrina,-23.26495,-51.176165
2025-04-02,Webcam,Informática,Norte,Diego Lima,2087,13,6173.6145525791535,-4086.61,Rio Branco,-9.948712,-67.79426
2025-08-01,SSD,Periféricos,Oeste,Ana Silva,1296,29,1321.1376224423195,-25.1400000000001,Desconhecida,,
2023-01-07,Teclado,Informática,Sul,Bruno Costa,5302,6,5952.816638429763,-650.8199999999997,Joinville,-26.255073,-48.821691
2023-11-26,Teclado,Informática,Sul,Ana Silva,4449,24,4827.4728655145145,-378.47000000000025,Curitiba,-25.469073,-49.257677
2025-02-13,Teclado,Informática,Oeste,Diego Lima,8268,1,535.9691731981532,7732.03,Desconhecida,,
2023-05-31,Webcam,Informática,Leste,Eva Santos,10906,21,6237.369375767016,4668.63,Desconhecida,,
2023-05-27,Headphone,Periféricos,Oeste,Eva Santos,8784,19,3113.9958281588256,5670.0,Desconhecida,,
2025-07-03,Mouse,Armazenamento,Leste,Carla Dias,7909,12,2696.6169998907294,5212.38,Desconhecida,,
2024-11-30,Teclado,Armazenamento,Sul,Diego Lima,8103,24,3628.755200526544,4474.24,Maringá,-23.425678,-51.956779
2023-03-23,SSD,Armazenamento,Sul,Ana Silva,4934,27,2821.7066122645424,2112.29,Curitiba,-25.439126,-49.28079
2024-05-28,SSD,Periféricos,Sul,Ana Silva,9174,6,2759.22189030248,6414.780000000001,Curitiba,-25.451366,-49.233926
2025-03-25,Teclado,Informática,Norte,Eva Santos,1611,18,6479.975128188954,-4868.98,Palmas,-10.256503,-48.341519
2024-12-09,Teclado,Armazenamento,Norte,Eva Santos,11858,13,1066.0816145762828,10791.92,Rio Branco,-9.983626,-67.849163
2025-01-15,Mouse,Periféricos,Norte,Bruno Costa,1309,7,7767.152537431072,-6458.15,Macapá,0.035168,-51.10422
2025-10-19,Teclado,Informática,Oeste,Eva Santos,536,23,4475.058623444799,-3939.06,Desconhecida,,
2024-12-07,Mouse,Armazenamento,Sul,Bruno Costa,10383,13,1528.7580674967985,8854.24,Caxias do Sul,-29.135409,-51.203728
2024-04-15,SSD,Informática,Sul,Ana Silva,7342,21,1119.2266248189571,6222.77,Joinville,-26.257523,-48.820228
2024-01-31,Teclado,Armazenamento,Oeste,Bruno Costa,10895,8,4764.755494509062,6130.24,Desconhecida,,
2023-09-18,Webcam,Armazenamento,Norte,Bruno Costa,10060,21,5093.35559526767,4966.64,Belém,-1.453154,-48.523202
2025-03-15,Memória RAM,Armazenamento,Oeste,Carla Dias,4925,17,499.9641065561012,4425.04,Desconhecida,,
2025-07-22,Webcam,Informática,Norte,Eva Santos,3559,9,2004.575159899984,1554.42,Manaus,-3.142655,-59.97874
2025-06-23,SSD,Periféricos,Sul,Bruno Costa,839,20,6380.058416074021,-5541.06,Blumenau,-26.913014,-49.043996
2025-12-12,Mouse,Informática,Leste,Ana Silva,7178,13,473.0270517287219,6704.97,Desconhecida,,
2025-07-28,Webcam,Armazenamento,Norte,Diego Lima,7412,2,6852.302218135806,559.6999999999998,Manaus,-3.08741,-60.064947
2025-05-03,Mouse,Informática,Sul,Bruno Costa,5814,4,5292.646814088562,521.3500000000004,Caxias do Sul,-29.191944,-51.163108
2024-08-15,Webcam,Periféricos,Sul,Eva Santos,6916,29,3520.632214156582,3395.37,Caxias do Sul,-29.205932,-51.135695
2024-12-14,Webcam,Informática,Leste,Carla Dias,9511,25,2823.748163849654,6687.25,Desconhecida,,
2024-09-23,Mouse,Periféricos,Sul,Ana Silva,1102,2,232.4517936832402,869.55,Florianópolis,-27.586637,-48.526194
2023-02-28,Headphone,Periféricos,Sul,Carla Dias,6292,4,6615.702370354597,-323.6999999999998,Florianópolis,-27.601134,-48.582371
2023-05-08,Webcam,Informática,Norte,Diego Lima,6117,18,1210.3570834308216,4906.64,Boa Vista,2.873477,-60.680265
2025-01-05,Teclado,Armazenamento,Norte,Bruno Costa,7355,5,2531.5725755477374,4823.43,Manaus,-3.081747,-60.023462
2024-12-21,Memória RAM,Periféricos,Leste,Bruno Costa,11838,19,4587.327284473407,7250.67,Desconhecida,,
2024-06-09,SSD,Informática,Leste,Eva Santos,2634,10,2028.2613925643336,605.74,Desconhecida,,
2024-06-04,Headphone,Periféricos,Sul,Bruno Costa,2004,18,4017.3524729174346,-2013.35,Londrina,-23.323028,-51.184084
2024-07-05,Mouse,Armazenamento,Norte,Ana Silva,11781,25,6489.995203610522,5291.0,Palmas,-10.253855,-48.332684
2023-08-25,Headphone,Informática,Leste,Diego Lima,3381,21,3806.660443538977,-425.6599999999999,Desconhecida,,
2024-05-08,Headset,Informática,Leste,Carla Dias,2747,10,7595.9005654272,-4848.9,Desconhecida,,
2023-01-04,Headset,Informática,Oeste,Diego Lima,7979,5,6792.204913380626,1186.8000000000002,Desconhecida,,
2024-10-27,Webcam,Armazenamento,Leste,Bruno Costa,8336,17,2717.670744078082,5618.33,Desconhecida,,
2024-03-17,Webcam,Periféricos,Sul,Carla Dias,4133,22,3247.700026704787,885.3000000000002,Caxias do Sul,-29.208398,-51.134415
2023-01-29,Teclado,Informática,Norte,Eva Santos,7113,13,3432.747678018415,3680.25,Boa Vista,2.848351,-60.638173
2024-09-01,Memória RAM,Periféricos,Leste,Diego Lima,6834,23,5039.341267162156,1794.66,Desconhecida,,
2025-03-15,SSD,Periféricos,Oeste,Carla Dias,10533,17,2351.4221751732352,8181.58,Desconhecida,,
2023-03-16,Headphone,Armazenamento,Norte,Carla Dias,10977,9,7756.453179474268,3220.55,Macapá,-0.009037,-51.082512
2025-04-17,Headset,Informática,Leste,Carla Dias,806,24,4900.779027179728,-4094.78,Desconhecida,,
2023-05-08,Webcam,Periféricos,Oeste,Ana Silva,7893,12,3243.261137229777,4649.74,Desconhecida,,
2023-02-11,SSD,Informática,Leste,Diego Lima,11682,14,5188.477738693213,6493.52,Desconhecida,,
2023-02-10,Headphone,Informática,Norte,Carla Dias,6989,14,3211.6076833952848,3777.39,Porto Velho,-8.776662,-63.897009
2025-07-22,Webcam,Armazenamento,Norte,Diego Lima,10138,8,6556.941793356998,3581.0600000000004,Palmas,-10.261213,-48.315548
2023-02-03,Webcam,Informática,Norte,Carla Dias,6462,23,4577.300407569633,1884.7,Rio Branco,-9.92878,-67.822702
2025-11-06,Headset,Informática,Sul,Eva Santos,8088,5,412.4063869760506,7675.59,Curitiba,-25.399033,-49.317428
2025-09-24,Headset,Periféricos,Leste,Eva Santos,10104,19,1479.9143899938092,8624.09,Desconhecida,,
2024-08-10,Webcam,Armazenamento,Sul,Eva Santos,6326,28,6930.752266393914,-604.75,Blumenau,-26.870729,-49.070262
2023-12-08,Mouse,Informática,Norte,Bruno Costa,3435,14,4538.166624745776,-1103.17,Manaus,-3.112799,-60.059044
2023-01-27,Webcam,Periféricos,Oeste,Carla Dias,9927,9,7606.720333990128,2320.28,Desconhecida,,
2024-10-07,SSD,Armazenamento,Leste,Bruno Costa,5709,7,653.5847178566236,5055.42,Desconhecida,,
2024-12-31,Webcam,Armazenamento,Sul,Diego Lima,3713,27,2418.464190280913,1294.54,Curitiba,-25.415505,-49.262056
2023-06-17,Teclado,Periféricos,Leste,Bruno Costa,10782,26,1612.863516057415,9169.14,Desconhecida,,
2024-09-01,Memória RAM,Periféricos,Oeste,Diego Lima,4734,26,4466.415114451591,267.5799999999999,Desconhecida,,
2023-09-25,Teclado,Periféricos,Sul,Diego Lima,4967,8,3111.719222152882,1855.28,Curitiba,-25.456773,-49.237265
2025-03-31,Teclado,Periféricos,Norte,Diego Lima,5191,14,1325.6063898850343,3865.39,Macapá,0.04974,-51.077378
2024-03-30,Mouse,Periféricos,Sul,Bruno Costa,11442,22,5170.595158559611,6271.4,Curitiba,-25.444498,-49.252922
2025-06-24,Mouse,Informática,Leste,Carla Dias,6332,28,4327.483057113717,2004.5200000000004,Desconhecida,,
2025-07-10,Webcam,Informática,Leste,Bruno Costa,8176,14,2255.911110266704,5920.09,Desconhecida,,
2025-09-07,Teclado,Armazenamento,Leste,Carla Dias,3394,11,3879.789153636432,-485.79,Desconhecida,,
2024-12-02,Mouse,Informática,Leste,Carla Dias,1190,14,5986.24745512622,-4796.25,Desconhecida,,
2024-09-25,Headset,Informática,Norte,Diego Lima,11469,21,1705.7516624412156,9763.25,Belém,-1.444748,-48.509437
2023-05-10,Webcam,Informática,Sul,Bruno Costa,2423,8,2399.8135138776943,23.19000000000005,Caxias do Sul,-29.213848,-51.156552
2025-10-16,SSD,Periféricos,Norte,Carla Dias,3779,3,2821.199017785392,957.8000000000002,Porto Velho,-8.806882,-63.949914
2025-03-29,Memória RAM,Armazenamento,Norte,Eva Santos,2264,28,5994.07338263217,-3730.07,Palmas,-10.204213,-48.29865
2024-11-23,Headphone,Armazenamento,Norte,Carla Dias,7514,29,6787.626988443183,726.3699999999999,Rio Branco,-9.978236,-67.826295
2025-03-04,Webcam,Armazenamento,Leste,Eva Santos,1827,29,3060.996891817558,-1234.0,Desconhecida,,
2023-01-29,Headphone,Armazenamento,Leste,Bruno Costa,3244,23,2429.2372257246325,814.7600000000002,Desconhecida,,
2023-05-29,Teclado,Informática,Leste,Bruno Costa,9340,18,7124.418326145284,2215.58,Desconhecida,,
2023-01-11,Memória RAM,Informática,Sul,Bruno Costa,6023,3,7994.970262966016,-1971.9700000000005,Caxias do Sul,-29.209926,-51.190932
2024-11-06,Headphone,Periféricos,Oeste,Carla Dias,2434,13,5389.200826121449,-2955.2,Desconhecida,,
2023-07-06,Teclado,Armazenamento,Leste,Ana Silva,5202,12,7920.646470714311,-2718.65,Desconhecida,,
2025-03-17,Headset,Informática,Sul,Carla Dias,7212,15,5306.932920191127,1905.07,Blumenau,-26.892992,-49.066471
2025-01-13,Headphone,Informática,Leste,Carla Dias,1739,18,5889.005354301973,-4150.01,Desconhecida,,
2023-04-08,Memória RAM,Periféricos,Leste,Diego Lima,9503,5,3158.155532224628,6344.84,Desconhecida,,
2023-02-24,Webcam,Periféricos,Norte,Diego Lima,2670,7,3509.102972232504,-839.0999999999999,Rio Branco,-9.999127,-67.776297
2024-09-14,Teclado,Periféricos,Norte,Carla Dias,4798,11,1221.5544587960096,3576.45,Manaus,-3.148104,-60.051888
2024-10-25,Webcam,Informática,Norte,Eva Santos,5879,26,6596.180116939776,-717.1800000000003,Manaus,-3.1192,-60.013656
2025-01-27,Memória RAM,Informática,Sul,Diego Lima,844,27,7453.987524626625,-6609.99,Caxias do Sul,-29.180126,-51.146724
2024-02-10,Mouse,Periféricos,Oeste,Carla Dias,7957,11,5017.630018857368,2939.37,Desconhecida,,
2023-03-10,Teclado,Armazenamento,Oeste,Ana Silva,3833,27,2801.686682887556,1031.31,Desconhecida,,
2025-01-20,Headphone,Periféricos,Sul,Eva Santos,6854,15,1299.8092969649808,5554.1900000000005,Maringá,-23.413725,-51.976386
2025-08-15,Teclado,Periféricos,Leste,Bruno Costa,7518,10,2180.0373392660945,5337.96,Desconhecida,,
2023-12-31,Webcam,Periféricos,Sul,Carla Dias,2121,15,2102.8505331465985,18.15000000000009,Florianópolis,-27.572612,-48.569194
2024-04-26,Headset,Periféricos,Leste,Carla Dias,9845,13,4939.140842575499,4905.86,Desconhecida,,
2023-07-20,Teclado,Informática,Sul,Eva Santos,8205,14,7564.696725679747,640.3000000000002,Blumenau,-26.885847,-49.107207
2023-06-03,Headphone,Armazenamento,Sul,Diego Lima,11591,17,462.3133447072132,11128.69,Maringá,-23.468124,-51.977671
2023-03-14,Mouse,Periféricos,Sul,Diego Lima,4368,13,88.09661278802812,4279.9,Caxias do Sul,-29.19433,-51.174573
2024-12-13,SSD,Armazenamento,Oeste,Diego Lima,11584,10,4833.440998969459,6750.56,Desconhecida,,
2023-10-23,Headset,Armazenamento,Norte,Bruno Costa,2018,25,2329.758859671345,-311.7600000000002,Rio Branco,-9.97651,-67.824834
2025-11-06,Mouse,Armazenamento,Sul,Eva Santos,1821,1,7053.942871324539,-5232.94,Blumenau,-26.954387,-49.03303
2023-03-02,Teclado,Periféricos,Oeste,Eva Santos,9424,1,2671.8224386140705,6752.18,Desconhecida,,
2025-07-27,Webcam,Informática,Norte,Diego Lima,1878,15,2374.721796188803,-496.7199999999998,Palmas,-10.210467,-48.307779
2023-02-11,Memória RAM,Periféricos,Norte,Diego Lima,7782,16,2214.5241200489145,5567.48,Palmas,-10.272768,-48.332443
2023-01-25,Webcam,Armazenamento,Sul,Ana Silva,6553,12,1227.2343919644934,5325.77,Londrina,-23.317842,-51.167456
2025-11-28,Headphone,Armazenamento,Leste,Ana Silva,6242,26,4685.721356274716,1556.2799999999995,Desconhecida,,
2023-05-11,Webcam,Informática,Leste,Carla Dias,2292,24,1412.2517304869432,879.75,Desconhecida,,
2023-04-18,Headset,Periféricos,Leste,Carla Dias,9490,6,3443.078785539104,6046.92,Desconhecida,,
2023-06-21,Webcam,Armazenamento,Sul,Eva Santos,6334,6,3730.898653864739,2603.1,Maringá,-23.410288,-51.969921
2023-04-12,Headphone,Informática,Leste,Eva Santos,6160,12,242.2970112735577,5917.7,Desconhecida,,
2025-05-15,SSD,Armazenamento,Oeste,Bruno Costa,403,25,213.11365618344857,189.89,Desconhecida,,
2024-06-07,Teclado,Informática,Oeste,Bruno Costa,4252,15,4200.084494954088,51.92000000000007,Desconhecida,,
2023-10-02,Memória RAM,Informática,Oeste,Ana Silva,3692,4,5592.595079254727,-1900.6000000000004,Desconhecida,,
2025-12-03,Teclado,Periféricos,Oeste,Carla Dias,2925,24,7541.768459660805,-4616.77,Desconhecida,,
2025-03-27,Webcam,Armazenamento,Norte,Ana Silva,7828,4,1498.6247305230845,6329.38,Palmas,-10.291914,-48.315087
2025-08-14,Mouse,Periféricos,Oeste,Ana Silva,6362,2,897.8097707337739,5464.1900000000005,Desconhecida,,
2025-11-06,Teclado,Armazenamento,Leste,Carla Dias,4787,27,492.5362228630353,4294.46,Desconhecida,,
2023-11-26,SSD,Periféricos,Sul,Bruno Costa,11675,24,3533.449336670566,8141.55,Porto Alegre,-30.058838,-51.248751
2023-01-12,Webcam,Armazenamento,Leste,Carla Dias,6184,12,5015.327149300779,1168.67,Desconhecida,,
2023-08-04,Memória RAM,Periféricos,Oeste,Diego Lima,11621,7,6737.182585470013,4883.82,Desconhecida,,
2023-12-05,Headphone,Informática,Norte,Diego Lima,11223,20,5486.5474677616,5736.45,Palmas,-10.223793,-48.285046
2024-10-22,SSD,Armazenamento,Oeste,Diego Lima,8607,9,1730.2174494728702,6876.78,Desconhecida,,
2024-01-09,Webcam,Armazenamento,Sul,Eva Santos,10682,9,3737.22130185853,6944.780000000001,Caxias do Sul,-29.188059,-51.196421
2025-09-02,SSD,Informática,Leste,Bruno Costa,6626,8,7289.94306276455,-663.9399999999996,Desconhecida,,
2024-12-10,Teclado,Periféricos,Sul,Bruno Costa,3298,14,2667.78921482078,630.21,Caxias do Sul,-29.120341,-51.187709
2024-04-10,Memória RAM,Armazenamento,Sul,Eva Santos,3509,1,4029.9444915280974,-520.94,Porto Alegre,-30.035888,-51.256971
2024-05-03,Headphone,Armazenamento,Sul,Ana Silva,1154,23,7671.837450378078,-6517.84,Caxias do Sul,-29.19413,-51.176636
2023-02-16,Webcam,Periféricos,Leste,Diego Lima,10436,21,5898.887404143686,4537.11,Desconhecida,,
2025-02-16,Headset,Informática,Oeste,Diego Lima,4867,23,6002.103854282201,-1135.1000000000004,Desconhecida,,
2025-11-05,Headphone,Periféricos,Sul,Ana Silva,3421,12,2078.4853149527626,1342.5100000000002,Maringá,-23.460807,-51.893272
2024-12-11,Headset,Periféricos,Leste,Carla Dias,359,25,3364.409096976615,-3005.41,Desconhecida,,
2024-02-05,SSD,Periféricos,Norte,Carla Dias,9229,2,732.1499317260359,8496.85,Rio Branco,-9.956215,-67.811737
2025-09-07,Mouse,Armazenamento,Leste,Bruno Costa,5689,13,4883.684867040227,805.3199999999997,Desconhecida,,
2023-09-07,Headphone,Informática,Norte,Eva Santos,303,27,901.542903176554,-598.54,Palmas,-10.240482,-48.342054
2024-01-26,SSD,Informática,Leste,Bruno Costa,3743,4,6700.4038910711615,-2957.4,Desconhecida,,
2023-12-01,Headset,Periféricos,Oeste,Carla Dias,8756,20,6531.265993198374,2224.73,Desconhecida,,
2024-09-20,Teclado,Armazenamento,Sul,Ana Silva,11766,18,4306.152400888692,7459.85,Londrina,-23.310787,-51.143988
2023-05-17,Teclado,Periféricos,Oeste,Bruno Costa,1434,19,1198.0349829204752,235.97000000000003,Desconhecida,,
2025-06-01,Mouse,Armazenamento,Leste,Diego Lima,3298,16,282.5855469057318,3015.41,Desconhecida,,
2024-11-18,Headphone,Armazenamento,Sul,Diego Lima,918,27,6389.932646937174,-5471.93,Florianópolis,-27.588243,-48.593093
2025-04-06,Headphone,Armazenamento,Norte,Ana Silva,9324,14,4833.112627050341,4490.89,Macapá,0.025328,-51.061102
2024-12-27,Headphone,Armazenamento,Leste,Carla Dias,5757,29,5710.5627230432365,46.4399999999996,Desconhecida,,
2024-08-16,SSD,Informática,Sul,Diego Lima,3352,8,2486.152435832031,865.8499999999999,Caxias do Sul,-29.153645,-51.150376
2025-09-16,Memória RAM,Armazenamento,Norte,Diego Lima,11868,12,4115.103283723804,7752.9,Rio Branco,-9.962924,-67.821149
2024-01-07,Memória RAM,Armazenamento,Norte,Eva Santos,2937,9,5997.619430674031,-3060.62,Manaus,-3.158881,-60.044384
2025-07-23,Mouse,Periféricos,Oeste,Bruno Costa,2360,6,3743.501401845293,-1383.5,Desconhecida,,
2025-09-21,Headphone,Periféricos,Leste,Carla Dias,9380,26,4842.963044328349,4537.04,Desconhecida,,
2024-02-06,SSD,Informática,Norte,Bruno Costa,7549,18,6334.647833519061,1214.3500000000004,Boa Vista,2.832727,-60.703626
2024-09-06,Teclado,Periféricos,Sul,Carla Dias,6488,2,1784.5475105097205,4703.45,Curitiba,-25.395656,-49.263954
2025-09-21,Headset,Armazenamento,Norte,Diego Lima,8883,23,602.15680371126,8280.84,Rio Branco,-9.966264,-67.841041
2024-09-11,SSD,Periféricos,Norte,Eva Santos,508,8,4292.042205621577,-3784.04,Rio Branco,-9.938989,-67.802568
2023-07-07,Memória RAM,Informática,Oeste,Bruno Costa,999,24,572.0361041031582,426.96,Desconhecida,,
2023-05-11,Memória RAM,Periféricos,Oeste,Diego Lima,7648,14,6151.133771384686,1496.87,Desconhecida,,
2025-03-15,Teclado,Periféricos,Sul,Carla Dias,4672,6,5776.154665259606,-1104.1499999999996,Joinville,-26.335197,-48.861362
2025-07-24,Teclado,Informática,Oeste,Bruno Costa,2694,10,7063.164358005152,-4369.16,Desconhecida,,
2025-09-12,Headset,Informática,Norte,Bruno Costa,1981,8,5145.331816428968,-3164.33,Palmas,-10.288525,-48.340469
2023-07-02,Teclado,Armazenamento,Norte,Diego Lima,1622,17,612.2047603588002,1009.8,Belém,-1.424227,-48.501866
2025-09-09,Mouse,Periféricos,Oeste,Bruno Costa,9778,25,2084.9648338777697,7693.04,Desconhecida,,
2023-12-30,Headset,Armazenamento,Norte,Eva Santos,479,29,6478.820208936737,-5999.82,Boa Vista,2.834366,-60.62989
2023-02-08,Teclado,Periféricos,Norte,Eva Santos,6001,12,1403.688745123615,4597.31,Manaus,-3.128786,-60.066606
2024-05-11,Webcam,Periféricos,Sul,Diego Lima,7182,17,5611.965305093908,1570.0299999999995,Blumenau,-26.881033,-49.063886
2025-09-08,SSD,Armazenamento,Oeste,Carla Dias,5416,13,6259.6539008901855,-843.6499999999996,Desconhecida,,
2025-07-09,Teclado,Periféricos,Norte,Diego Lima,4504,19,2694.4854390135097,1809.51,Palmas,-10.217155,-48.32444
2024-12-22,Mouse,Periféricos,Oeste,Eva Santos,6585,12,2632.5959893510358,3952.4,Desconhecida,,
2023-01-16,Headphone,Periféricos,Sul,Ana Silva,8128,16,4497.797235176444,3630.2,Maringá,-23.387585,-51.95558
2024-05-07,Teclado,Informática,Oeste,Ana Silva,4388,25,6901.387755417729,-2513.3900000000003,Desconhecida,,
2025-06-12,Memória RAM,Armazenamento,Norte,Bruno Costa,6262,27,1853.3371191547656,4408.66,Palmas,-10.205394,-48.321058
2023-11-07,Memória RAM,Informática,Oeste,Bruno Costa,4872,5,7534.764912655829,-2662.76,Desconhecida,,
2025-01-08,Memória RAM,Armazenamento,Norte,Ana Silva,1538,25,4825.019983775257,-3287.0200000000004,Boa Vista,2.785445,-60.716125
2024-06-29,Headphone,Armazenamento,Norte,Eva Santos,4335,16,7937.641653110028,-3602.6400000000003,Porto Velho,-8.787927,-63.866736
2024-02-18,Memória RAM,Periféricos,Norte,Bruno Costa,9061,25,789.7406940429553,8271.26,Porto Velho,-8.78853,-63.895539
2023-09-08,Webcam,Armazenamento,Sul,Diego Lima,3385,6,1082.372121133532,2302.63,Porto Alegre,-30.063087,-51.251379
2025-01-28,Teclado,Informática,Oeste,Diego Lima,4726,11,6627.003085410784,-1901.0,Desconhecida,,
2025-11-28,Memória RAM,Informática,Sul,Eva Santos,10473,17,6928.866693182486,3544.13,Maringá,-23.379279,-51.968201
2025-03-24,Headset,Informática,Oeste,Bruno Costa,1250,26,3608.032811897797,-2358.03,Desconhecida,,
2023-01-29,Headphone,Armazenamento,Sul,Diego Lima,9014,23,5735.443715047293,3278.5600000000004,Londrina,-23.271591,-51.156471
2025-08-15,Webcam,Informática,Leste,Bruno Costa,8858,14,6951.053716568665,1906.95,Desconhecida,,
2024-04-21,Headset,Armazenamento,Norte,Bruno Costa,2682,6,421.5720826931232,2260.43,Macapá,-0.013452,-51.023591
2023-11-14,Headset,Informática,Norte,Diego Lima,7920,25,4625.687350106608,3294.3100000000004,Boa Vista,2.83206,-60.647653
2023-09-02,Headset,Informática,Sul,Ana Silva,3820,23,6839.566878889797,-3019.57,Porto Alegre,-30.08336,-51.216727
2025-01-17,Headset,Armazenamento,Leste,Diego Lima,931,28,3233.3871611114178,-2302.39,Desconhecida,,
2024-11-27,Teclado,Informática,Norte,Eva Santos,3673,11,2474.8781604104206,1198.12,Porto Velho,-8.777228,-63.925417
2023-09-29,Memória RAM,Periféricos,Oeste,Carla Dias,11900,12,6381.996945951113,5518.0,Desconhecida,,
2024-01-12,SSD,Armazenamento,Sul,Diego Lima,6281,13,2739.4297413424624,3541.57,Curitiba,-25.461107,-49.291333
2023-09-23,Teclado,Armazenamento,Norte,Bruno Costa,10728,4,105.14044162126542,10622.86,Palmas,-10.269704,-48.319969
2025-07-14,Teclado,Armazenamento,Norte,Bruno Costa,4932,7,7679.814894022201,-2747.8100000000004,Belém,-1.441426,-48.4452
2025-07-09,Webcam,Periféricos,Sul,Diego Lima,9931,2,4769.616031900066,5161.38,Joinville,-26.325978,-48.829423
2023-12-06,Webcam,Armazenamento,Sul,Carla Dias,5145,6,6570.581916183764,-1425.58,Blumenau,-26.943161,-49.069728
2024-01-24,Memória RAM,Informática,Oeste,Diego Lima,1651,6,6616.388373754299,-4965.39,Desconhecida,,
2024-07-30,SSD,Informática,Oeste,Carla Dias,3230,18,605.9705293520439,2624.03,Desconhecida,,
2023-01-03,Webcam,Informática,Norte,Carla Dias,9418,20,1433.212779140801,7984.79,Manaus,-3.117343,-60.011306
2024-01-11,Memória RAM,Armazenamento,Norte,Eva Santos,9442,8,2544.075791616407,6897.92,Porto Velho,-8.807075,-63.940405
2023-11-20,Memória RAM,Informática,Sul,Bruno Costa,652,8,2619.938337527277,-1967.94,Joinville,-26.289,-48.799144
2023-05-26,Mouse,Armazenamento,Norte,Bruno Costa,9681,29,5297.58605203283,4383.41,Porto Velho,-8.755442,-63.875299
2023-10-20,SSD,Informática,Norte,Carla Dias,4035,8,5015.212732361263,-980.21,Manaus,-3.086323,-60.01718
2024-03-07,Webcam,Periféricos,Sul,Bruno Costa,8159,8,3997.1510418377247,4161.85,Porto Alegre,-30.014928,-51.181803
2024-12-05,SSD,Periféricos,Norte,Ana Silva,773,1,1753.208759885442,-980.21,Boa Vista,2.785729,-60.633182
2025-08-06,Teclado,Periféricos,Norte,Carla Dias,10228,2,3105.309079947203,7122.6900000000005,Porto Velho,-8.72758,-63.942726
2024-08-07,Teclado,Periféricos,Leste,Bruno Costa,11692,12,4385.264230244143,7306.74,Desconhecida,,
2024-02-03,SSD,Armazenamento,Oeste,Ana Silva,1200,15,3786.44409954322,-2586.44,Desconhecida,,
2025-03-27,Mouse,Informática,Sul,Eva Santos,7535,4,1088.156862113021,6446.84,Curitiba,-25.461801,-49.278191
2025-08-21,Mouse,Periféricos,Leste,Bruno Costa,6231,28,5224.1231085352365,1006.88,Desconhecida,,
2023-07-06,SSD,Armazenamento,Oeste,Ana Silva,5634,25,658.5700723404316,4975.43,Desconhecida,,
2023-03-02,Webcam,Periféricos,Oeste,Diego Lima,3922,3,3075.301890002156,846.6999999999998,Desconhecida,,
2025-07-27,Headphone,Periféricos,Oeste,Diego Lima,4066,14,5703.432433587815,-1637.4300000000003,Desconhecida,,
2024-12-10,Mouse,Armazenamento,Leste,Ana Silva,4168,22,238.58639339607555,3929.41,Desconhecida,,
2025-03-17,Headset,Armazenamento,Leste,Carla Dias,1479,23,4594.263926838904,-3115.26,Desconhecida,,
2023-01-11,Teclado,Informática,Oeste,Carla Dias,4264,8,2729.4061152149147,1534.59,Desconhecida,,
2025-12-21,SSD,Informática,Norte,Bruno Costa,3517,13,149.94819990805695,3367.05,Boa Vista,2.776658,-60.711384
2023-08-14,Headset,Periféricos,Norte,Diego Lima,8245,23,1587.835506802897,6657.16,Rio Branco,-9.96398,-67.851645
2024-07-17,SSD,Periféricos,Leste,Carla Dias,5291,19,7532.293850703583,-2241.29,Desconhecida,,
2025-02-10,Memória RAM,Informática,Leste,Carla Dias,4101,22,4207.499331600316,-106.5,Desconhecida,,
2025-06-03,Teclado,Informática,Leste,Diego Lima,5234,5,7978.039460662723,-2744.04,Desconhecida,,
2023-08-14,Teclado,Armazenamento,Oeste,Eva Santos,10839,13,4236.54866288875,6602.45,Desconhecida,,
2025-04-04,Mouse,Informática,Norte,Carla Dias,1723,28,4387.976385338924,-2664.98,Porto Velho,-8.725111,-63.868093
2023-08-06,Mouse,Informática,Leste,Ana Silva,2784,26,3183.396662428191,-399.4000000000001,Desconhecida,,
2025-07-25,Headset,Periféricos,Leste,Bruno Costa,2918,20,2535.5201163528013,382.48,Desconhecida,,
2025-01-22,Memória RAM,Informática,Sul,Carla Dias,5452,1,2072.240780812923,3379.76,Porto Alegre,-29.991418,-51.210579
2024-05-20,SSD,Periféricos,Oeste,Carla Dias,6400,16,2799.891279754937,3600.11,Desconhecida,,
2023-09-16,Memória RAM,Informática,Sul,Eva Santos,1361,29,3722.0205607314224,-2361.02,Florianópolis,-27.616545,-48.573869
2023-02-23,Teclado,Armazenamento,Norte,Ana Silva,9117,23,1600.5762458278573,7516.42,Porto Velho,-8.802957,-63.900744
2025-12-06,Headset,Informática,Sul,Bruno Costa,6105,24,1861.0107271011116,4243.99,Maringá,-23.407485,-51.931202
2024-12-27,Headphone,Informática,Sul,Carla Dias,1310,2,2230.634567854038,-920.63,Blumenau,-26.926541,-49.06966
2024-11-19,Headset,Informática,Sul,Bruno Costa,6127,7,3638.138344092246,2488.86,Caxias do Sul,-29.135506,-51.209562
2025-11-09,Webcam,Periféricos,Oeste,Diego Lima,7191,6,5250.281865168805,1940.7200000000005,Desconhecida,,
2024-02-23,Headset,Armazenamento,Norte,Carla Dias,2533,5,6860.677510267396,-4327.68,Belém,-1.448313,-48.453907
2024-11-20,Memória RAM,Informática,Sul,Carla Dias,10996,29,2354.084150522175,8641.92,Florianópolis,-27.557238,-48.525059
2025-04-29,Webcam,Periféricos,Oeste,Diego Lima,6026,4,1535.128455504184,4490.87,Desconhecida,,
2023-03-03,Webcam,Armazenamento,Norte,Eva Santos,3690,2,3080.471921616396,609.5300000000002,Porto Velho,-8.726566,-63.85109
2023-08-04,Webcam,Periféricos,Leste,Carla Dias,4785,10,7163.5139648650975,-2378.51,Desconhecida,,
2023-01-03,Headphone,Periféricos,Sul,Bruno Costa,1245,22,158.0969684301446,1086.9,Joinville,-26.309213,-48.806005
2023-06-09,Headset,Armazenamento,Norte,Ana Silva,6051,5,5448.719439177344,602.2799999999997,Rio Branco,-9.985957,-67.818353
2025-02-19,Memória RAM,Informática,Sul,Bruno Costa,8365,18,3859.1075675797256,4505.889999999999,Caxias do Sul,-29.195222,-51.14533
2025-06-11,Headset,Periféricos,Leste,Eva Santos,11898,10,1355.486022488586,10542.51,Desconhecida,,
2023-11-25,Headphone,Periféricos,Norte,Ana Silva,1229,23,2622.490488093776,-1393.4899999999998,Manaus,-3.144402,-60.022539
2024-08-02,Teclado,Informática,Oeste,Bruno Costa,8520,22,1861.6043475061083,6658.4,Desconhecida,,
2025-08-09,Mouse,Informática,Norte,Bruno Costa,2997,28,7032.430769689769,-4035.43,Boa Vista,2.830982,-60.679073
2024-09-26,Memória RAM,Armazenamento,Oeste,Diego Lima,2110,15,3896.437200844323,-1786.44,Desconhecida,,
2025-09-14,Memória RAM,Armazenamento,Norte,Eva Santos,1623,27,4539.706680750142,-2916.71,Manaus,-3.129136,-60.024512
2025-07-09,Headset,Armazenamento,Oeste,Diego Lima,5038,9,4782.005945149203,255.98999999999975,Desconhecida,,
2025-01-07,Mouse,Informática,Leste,Ana Silva,5129,11,5145.76762685066,-16.770000000000437,Desconhecida,,
2023-06-19,SSD,Periféricos,Leste,Diego Lima,1362,26,4004.801067777365,-2642.8,Desconhecida,,
2024-06-04,SSD,Periféricos,Leste,Eva Santos,5847,21,221.5583642236213,5625.44,Desconhecida,,
2023-02-09,Headphone,Armazenamento,Norte,Carla Dias,9151,25,2731.0036803640432,6420.0,Belém,-1.447532,-48.511669
2025-08-12,SSD,Informática,Leste,Carla Dias,569,25,1536.2760665102503,-967.28,Desconhecida,,
2025-09-10,Memória RAM,Periféricos,Sul,Ana Silva,3809,29,5466.731315860481,-1657.7299999999996,Porto Alegre,-30.01746,-51.242188
2025-09-01,SSD,Armazenamento,Leste,Carla Dias,5433,17,529.1008388507695,4903.9,Desconhecida,,
2023-02-07,Teclado,Periféricos,Oeste,Diego Lima,9620,21,4545.322857604222,5074.68,Desconhecida,,
2023-11-24,Teclado,Periféricos,Oeste,Ana Silva,10865,9,1748.2032404124634,9116.8,Desconhecida,,
2025-07-02,Teclado,Informática,Oeste,Eva Santos,9782,23,7594.859040659125,2187.1400000000003,Desconhecida,,
2024-03-29,SSD,Informática,Norte,Ana Silva,1490,16,2737.484262117361,-1247.48,Macapá,0.02423,-51.032327
2023-02-06,Headphone,Periféricos,Sul,Ana Silva,10563,6,2655.7518356871037,7907.25,Curitiba,-25.409525,-49.270026
2025-08-30,Webcam,Armazenamento,Leste,Bruno Costa,10734,22,7393.206570486532,3340.79,Desconhecida,,
2025-03-06,Webcam,Informática,Sul,Bruno Costa,5287,11,3385.3955288088,1901.6,Caxias do Sul,-29.170959,-51.140152
2025-08-30,Mouse,Periféricos,Sul,Ana Silva,5339,23,7705.869686751078,-2366.87,Londrina,-23.331505,-51.202561
2024-08-15,Webcam,Informática,Oeste,Carla Dias,1511,17,271.4291888973477,1239.57,Desconhecida,,
2025-11-29,Webcam,Informática,Oeste,Bruno Costa,741,4,2506.249035600999,-1765.25,Desconhecida,,
2023-08-12,Teclado,Informática,Oeste,Eva Santos,676,29,5356.248245310135,-4680.25,Desconhecida,,
2023-11-14,Teclado,Periféricos,Norte,Diego Lima,8005,15,7135.587159058897,869.4099999999999,Palmas,-10.248782,-48.275213
2023-12-15,SSD,Armazenamento,Sul,Bruno Costa,10845,1,2110.732296625609,8734.27,Porto Alegre,-30.083386,-51.212051
2023-04-25,Mouse,Armazenamento,Sul,Ana Silva,1442,22,7449.382528352252,-6007.38,Caxias do Sul,-29.137055,-51.193872
2024-11-28,Headset,Armazenamento,Norte,Carla Dias,1804,29,4785.44201467357,-2981.44,Macapá,0.025934,-51.102606
2025-11-29,Memória RAM,Informática,Norte,Diego Lima,337,20,6423.985286127495,-6086.99,Belém,-1.427329,-48.526534
2023-02-09,Mouse,Periféricos,Norte,Bruno Costa,2908,1,3225.881850110626,-317.8800000000001,Rio Branco,-9.986054,-67.78561
2023-08-04,Mouse,Informática,Sul,Carla Dias,8870,9,1760.4686299296368,7109.53,Blumenau,-26.939524,-49.060596
2023-12-02,Headphone,Armazenamento,Sul,Carla Dias,8775,12,7296.98449034573,1478.0200000000004,Curitiba,-25.444991,-49.296095
2023-04-02,SSD,Armazenamento,Oeste,Carla Dias,6581,4,7470.436077777252,-889.4399999999996,Desconhecida,,
2023-12-19,Headphone,Periféricos,Oeste,Ana Silva,6187,28,4020.795141700753,2166.2,Desconhecida,,
2024-07-24,Mouse,Informática,Sul,Eva Santos,11854,22,131.4405267141115,11722.56,Curitiba,-25.469089,-49.238859
2025-03-26,Mouse,Armazenamento,Oeste,Carla Dias,10146,13,949.4809930696034,9196.52,Desconhecida,,
2025-02-19,Mouse,Periféricos,Norte,Diego Lima,8644,7,4618.3814450352365,4025.62,Boa Vista,2.809557,-60.647524
2023-12-29,Webcam,Informática,Leste,Bruno Costa,4332,8,268.31148223093885,4063.69,Desconhecida,,
2024-07-10,Memória RAM,Informática,Oeste,Diego Lima,7123,28,3223.5424379746264,3899.46,Desconhecida,,
2023-12-22,Memória RAM,Armazenamento,Sul,Ana Silva,587,13,2482.6899689303395,-1895.69,Blumenau,-26.896999,-49.032362
2023-07-10,Headphone,Armazenamento,Oeste,Ana Silva,10930,11,5737.638341185461,5192.36,Desconhecida,,
2024-02-26,Mouse,Informática,Oeste,Diego Lima,982,9,520.1830897476475,461.8200000000001,Desconhecida,,
2024-11-30,Memória RAM,Informática,Oeste,Eva Santos,9138,25,3950.7516503001166,5187.25,Desconhecida,,
2023-01-07,Teclado,Armazenamento,Leste,Ana Silva,8901,24,4666.5850174147945,4234.41,Desconhecida,,
2023-05-13,Memória RAM,Informática,Norte,Ana Silva,11930,16,4968.945322336732,6961.05,Belém,-1.413889,-48.530148
2024-07-10,SSD,Armazenamento,Sul,Diego Lima,9103,10,3288.848762374172,5814.15,Caxias do Sul,-29.210555,-51.134919
2025-04-05,SSD,Informática,Leste,Ana Silva,5944,11,2490.592844762044,3453.41,Desconhecida,,
2025-01-30,Memória RAM,Armazenamento,Sul,Eva Santos,3724,12,5485.344827198218,-1761.34,Florianópolis,-27.561288,-48.4989
2025-11-20,Teclado,Periféricos,Sul,Eva Santos,3935,28,6792.746860971761,-2857.75,Florianópolis,-27.565449,-48.509258
2024-06-18,SSD,Armazenamento,Sul,Eva Santos,10856,14,5573.4516912404,5282.55,Porto Alegre,-30.079712,-51.192291
2024-03-01,Webcam,Armazenamento,Leste,Bruno Costa,5370,19,7462.250734421195,-2092.25,Desconhecida,,
2024-11-02,Memória RAM,Periféricos,Norte,Eva Santos,7900,12,5760.727120834783,2139.2700000000004,Macapá,0.010874,-51.105878
2023-12-29,Webcam,Informática,Sul,Eva Santos,6968,18,6135.780373387857,832.2200000000003,Caxias do Sul,-29.206105,-51.219068
2023-03-23,Memória RAM,Periféricos,Norte,Bruno Costa,834,21,1409.7933170885435,-575.79,Manaus,-3.133859,-60.050037
2023-12-22,Headset,Armazenamento,Norte,Carla Dias,4383,17,3402.7539846515574,980.25,Boa Vista,2.842689,-60.657115
2024-08-11,Headset,Informática,Oeste,Ana Silva,727,3,3921.638221171245,-3194.64,Desconhecida,,
2023-10-22,Headset,Periféricos,Leste,Eva Santos,8157,1,2109.8418453732925,6047.16,Desconhecida,,
2025-12-05,SSD,Informática,Leste,Ana Silva,377,29,4266.0356940218,-3889.04,Desconhecida,,
2023-01-17,Webcam,Informática,Oeste,Diego Lima,2478,19,2383.0721982370324,94.92999999999984,Desconhecida,,
2023-12-26,Webcam,Periféricos,Oeste,Ana Silva,2881,29,5525.016575010975,-2644.0200000000004,Desconhecida,,
2025-05-15,Webcam,Informática,Norte,Bruno Costa,9169,4,3804.684735489153,5364.32,Rio Branco,-9.957451,-67.79786
2024-11-30,Teclado,Periféricos,Sul,Ana Silva,580,23,3713.751077810762,-3133.75,Florianópolis,-27.545577,-48.548754
2024-03-23,Webcam,Armazenamento,Leste,Ana Silva,9405,28,7870.448845779869,1534.5500000000002,Desconhecida,,
2025-05-05,Teclado,Informática,Sul,Ana Silva,1859,16,3188.163200457158,-1329.16,Caxias do Sul,-29.193323,-51.196522
2023-12-31,Headset,Armazenamento,Sul,Carla Dias,5932,12,2949.379826109381,2982.62,Curitiba,-25.405297,-49.304919
2024-11-05,Headset,Armazenamento,Oeste,Carla Dias,1384,21,2603.346620558623,-1219.35,Desconhecida,,
2025-10-04,SSD,Informática,Sul,Diego Lima,8643,21,7166.413830128321,1476.59,Porto Alegre,-30.015249,-51.263705
2024-04-11,Memória RAM,Periféricos,Norte,Bruno Costa,5355,13,4014.052702697572,1340.9499999999998,Palmas,-10.296271,-48.318433
2024-02-18,Headset,Informática,Oeste,Ana Silva,1570,17,4832.114661646633,-3262.11,Desconhecida,,
2024-08-08,Memória RAM,Armazenamento,Sul,Ana Silva,918,8,1512.0823536989683,-594.0799999999999,Florianópolis,-27.553069,-48.569219
2025-09-20,Memória RAM,Armazenamento,Oeste,Ana Silva,6184,13,4364.263491239021,1819.74,Desconhecida,,
2024-07-25,SSD,Periféricos,Norte,Ana Silva,9746,20,2255.2136875184274,7490.79,Macapá,0.080486,-51.021324
2023-12-01,Mouse,Informática,Norte,Carla Dias,8785,26,5866.6444164019895,2918.36,Palmas,-10.252579,-48.352301
2023-02-06,Mouse,Armazenamento,Sul,Diego Lima,3254,5,6673.624522435666,-3419.62,Londrina,-23.273248,-51.145965
2025-09-15,Headphone,Armazenamento,Oeste,Eva Santos,4505,18,5741.300681679719,-1236.3000000000002,Desconhecida,,
2023-10-05,SSD,Armazenamento,Sul,Bruno Costa,3455,15,5863.533796860438,-2408.53,Caxias do Sul,-29.135159,-51.161016
2025-07-04,Headphone,Periféricos,Sul,Ana Silva,1688,12,4138.799656626575,-2450.8,Joinville,-26.290183,-48.833717
2024-04-28,Headphone,Armazenamento,Oeste,Diego Lima,1481,29,5719.975006166352,-4238.98,Desconhecida,,
2024-12-31,Mouse,Armazenamento,Sul,Eva Santos,8318,17,3427.680529224629,4890.32,Caxias do Sul,-29.139106,-51.1861
2023-07-11,SSD,Informática,Norte,Diego Lima,7089,25,5239.794095954535,1849.21,Manaus,-3.125176,-60.047164
2025-11-06,Mouse,Informática,Oeste,Carla Dias,8411,15,2131.590544154476,6279.41,Desconhecida,,
2024-06-07,Headphone,Armazenamento,Oeste,Eva Santos,5708,2,632.4755375111204,5075.52,Desconhecida,,
2025-07-06,SSD,Armazenamento,Oeste,Diego Lima,6094,6,3354.7082518459906,2739.29,Desconhecida,,
2024-02-05,Headphone,Informática,Oeste,Carla Dias,11777,17,3737.28299378148,8039.719999999999,Desconhecida,,
2025-06-04,Webcam,Periféricos,Sul,Diego Lima,7276,16,2110.744692854425,5165.26,Florianópolis,-27.613316,-48.522196
2024-12-05,Memória RAM,Periféricos,Sul,Diego Lima,630,17,5843.459385785322,-5213.46,Maringá,-23.376546,-51.917213
2023-01-22,SSD,Periféricos,Norte,Eva Santos,5413,25,662.5197934921313,4750.48,Palmas,-10.224321,-48.32851
2024-04-18,SSD,Periféricos,Leste,Carla Dias,4244,20,1844.166729083173,2399.83,Desconhecida,,
2023-07-29,Memória RAM,Periféricos,Leste,Ana Silva,6317,9,6008.632570152725,308.3699999999999,Desconhecida,,
2023-11-02,Headphone,Periféricos,Norte,Bruno Costa,11838,27,3542.024248020898,8295.98,Macapá,0.026385,-51.107014
2024-12-04,Webcam,Periféricos,Leste,Eva Santos,2943,5,5665.846302391355,-2722.8500000000004,Desconhecida,,
2024-11-17,Teclado,Periféricos,Norte,Carla Dias,3042,23,4574.488152046082,-1532.4899999999998,Porto Velho,-8.807578,-63.888254
2023-10-12,Memória RAM,Informática,Sul,Diego Lima,1348,1,7609.644979979111,-6261.64,Blumenau,-26.923626,-49.114074
2024-12-16,Mouse,Periféricos,Oeste,Carla Dias,8161,6,4814.5429951648375,3346.46,Desconhecida,,
2025-02-01,Headphone,Periféricos,Oeste,Bruno Costa,2522,24,197.76227681651605,2324.24,Desconhecida,,
2025-08-05,Memória RAM,Periféricos,Sul,Bruno Costa,2042,14,2874.788615994325,-832.79,Porto Alegre,-30.031696,-51.267601
2024-01-16,Memória RAM,Armazenamento,Oeste,Ana Silva,5940,17,1213.0406030612849,4726.96,Desconhecida,,
2024-04-04,SSD,Informática,Oeste,Ana Silva,2033,25,7403.0987265738095,-5370.1,Desconhecida,,
2025-10-27,Mouse,Informática,Leste,Bruno Costa,5617,19,903.7786379378362,4713.22,Desconhecida,,
2023-01-29,Mouse,Informática,Sul,Eva Santos,947,1,3150.6367719982127,-2203.64,Joinville,-26.352077,-48.804563
2025-06-25,Mouse,Periféricos,Leste,Eva Santos,8359,1,1870.705613523402,6488.29,Desconhecida,,
2025-11-22,Memória RAM,Periféricos,Leste,Diego Lima,8385,13,6786.038163942128,1598.96,Desconhecida,,
2025-05-28,Teclado,Armazenamento,Oeste,Ana Silva,304,14,2523.8466609042225,-2219.85,Desconhecida,,
2023-03-20,Headset,Informática,Oeste,Diego Lima,5112,27,7935.796386489748,-2823.8,Desconhecida,,
2025-08-04,Headphone,Periféricos,Sul,Ana Silva,11790,6,385.8435164490271,11404.16,Joinville,-26.334099,-48.836393
2024-04-03,Headset,Informática,Oeste,Bruno Costa,4230,27,1095.9520379035216,3134.05,Desconhecida,,
2024-07-23,Memória RAM,Armazenamento,Oeste,Eva Santos,8200,6,1859.1391093185443,6340.86,Desconhecida,,
2025-01-07,Headset,Armazenamento,Sul,Eva Santos,6097,1,6503.959838385263,-406.96,Blumenau,-26.869693,-49.078187
2024-05-30,Memória RAM,Armazenamento,Oeste,Bruno Costa,9767,14,7037.8562957870045,2729.1400000000003,Desconhecida,,
2024-02-01,Headset,Informática,Leste,Diego Lima,4470,3,645.894934426625,3824.11,Desconhecida,,
2023-02-08,Mouse,Periféricos,Sul,Diego Lima,11981,23,337.0843227572292,11643.92,Joinville,-26.28406,-48.883782
2025-06-05,Webcam,Periféricos,Oeste,Carla Dias,2042,10,5976.890308268268,-3934.89,Desconhecida,,
2025-03-07,Mouse,Armazenamento,Norte,Ana Silva,9239,19,1136.1478934886186,8102.85,Macapá,0.030525,-51.103901
2023-06-06,Mouse,Periféricos,Sul,Diego Lima,3574,19,1133.3488096311423,2440.65,Maringá,-23.385061,-51.979853
2025-06-02,SSD,Armazenamento,Sul,Bruno Costa,9600,19,257.14295319587984,9342.86,Porto Alegre,-30.013714,-51.167761
2025-08-31,SSD,Informática,Norte,Diego Lima,2165,28,474.4783904607012,1690.52,Macapá,0.001005,-51.051986
2025-11-11,Headset,Armazenamento,Oeste,Eva Santos,6823,23,2168.309632076274,4654.6900000000005,Desconhecida,,
2025-04-28,Memória RAM,Informática,Oeste,Ana Silva,6182,4,594.8434761335859,5587.16,Desconhecida,,
2025-01-17,Mouse,Armazenamento,Sul,Carla Dias,4983,20,3001.5224059414627,1981.48,Curitiba,-25.441882,-49.253572
2025-09-15,Headset,Periféricos,Sul,Ana Silva,10044,19,6675.5782473206045,3368.42,Caxias do Sul,-29.197036,-51.173086
2023-01-21,SSD,Periféricos,Oeste,Eva Santos,9215,10,2664.456437987014,6550.54,Desconhecida,,
2023-10-30,Webcam,Armazenamento,Oeste,Eva Santos,715,27,5844.446567628624,-5129.45,Desconhecida,,
2025-05-18,Headphone,Periféricos,Leste,Eva Santos,7562,25,823.7669214617583,6738.23,Desconhecida,,
2023-03-25,Headset,Periféricos,Sul,Eva Santos,2168,2,5302.251484362383,-3134.25,Caxias do Sul,-29.216681,-51.130737
2024-07-23,Webcam,Periféricos,Sul,Bruno Costa,10227,4,2588.637691398885,7638.360000000001,Maringá,-23.389012,-51.966436
2025-07-22,Headphone,Informática,Norte,Carla Dias,10465,24,6018.042799280542,4446.96,Belém,-1.47744,-48.498372
2025-10-05,Teclado,Periféricos,Leste,Eva Santos,2464,6,1159.1159513265443,1304.88,Desconhecida,,
2025-03-03,Headset,Informática,Oeste,Eva Santos,4562,7,7191.236351894697,-2629.24,Desconhecida,,
2025-03-02,Headset,Armazenamento,Leste,Diego Lima,4033,16,2001.211446951658,2031.79,Desconhecida,,
2024-05-06,Teclado,Periféricos,Oeste,Carla Dias,11534,29,2876.851322786917,8657.15,Desconhecida,,
2023-07-27,Teclado,Periféricos,Oeste,Ana Silva,10201,7,7605.43122967889,2595.57,Desconhecida,,
2025-12-19,Headset,Periféricos,Leste,Carla Dias,8366,18,4661.580289068403,3704.42,Desconhecida,,
2024-03-05,Teclado,Armazenamento,Sul,Carla Dias,11845,20,2976.910430187134,8868.09,Florianópolis,-27.553998,-48.518274
2025-09-11,Mouse,Informática,Oeste,Carla Dias,6889,26,7600.849004506363,-711.8500000000004,Desconhecida,,
2024-06-03,Headphone,Informática,Leste,Eva Santos,9479,26,2686.2931417690534,6792.71,Desconhecida,,
2024-08-13,Headphone,Periféricos,Norte,Eva Santos,8052,22,831.3760443874238,7220.62,Belém,-1.451506,-48.508155
2025-11-16,Headphone,Armazenamento,Leste,Bruno Costa,1339,19,7975.043191846605,-6636.04,Desconhecida,,
2023-07-18,Mouse,Armazenamento,Norte,Ana Silva,7306,9,2201.3317708265977,5104.67,Palmas,-10.252187,-48.309219
2024-01-22,Memória RAM,Armazenamento,Oeste,Diego Lima,7492,29,6821.962161700891,670.04,Desconhecida,,
2023-12-15,Teclado,Armazenamento,Leste,Carla Dias,7034,20,1391.083094998851,5642.92,Desconhecida,,
2025-08-17,Webcam,Armazenamento,Leste,Ana Silva,3307,10,5872.3234564768345,-2565.32,Desconhecida,,
2024-11-23,Teclado,Informática,Norte,Ana Silva,10709,13,4233.639204220236,6475.36,Belém,-1.434187,-48.45269
2024-01-13,Headset,Informática,Leste,Bruno Costa,5670,18,7848.779941657826,-2178.78,Desconhecida,,
2025-06-17,SSD,Informática,Leste,Diego Lima,1891,16,4458.416420251804,-2567.42,Desconhecida,,
2025-07-04,Headphone,Periféricos,Oeste,Carla Dias,3838,22,278.1200029755647,3559.88,Desconhecida,,
2024-06-10,Teclado,Armazenamento,Leste,Diego Lima,7635,17,4862.713677822776,2772.29,Desconhecida,,
2025-01-03,Webcam,Periféricos,Sul,Bruno Costa,5519,22,1230.9063341860783,4288.09,Blumenau,-26.908359,-49.037013
2023-07-25,Headset,Armazenamento,Norte,Eva Santos,5794,13,6404.44404903413,-610.4399999999996,Belém,-1.423612,-48.509246
2024-03-30,Mouse,Informática,Leste,Ana Silva,9239,12,6864.0201162,2374.98,Desconhecida,,
2024-06-04,Memória RAM,Periféricos,Norte,Carla Dias,4173,10,3898.180668854138,274.82000000000016,Manaus,-3.103489,-60.050691
2025-10-13,Mouse,Informática,Norte,Eva Santos,866,1,6283.1139398542055,-5417.11,Macapá,0.082824,-51.109592
2025-08-13,Webcam,Armazenamento,Norte,Bruno Costa,4117,8,1229.2770250143126,2887.7200000000003,Boa Vista,2.83291,-60.701315
2024-12-26,Headset,Armazenamento,Leste,Diego Lima,7573,21,3977.259237362317,3595.74,Desconhecida,,
2025-10-10,Headphone,Armazenamento,Leste,Ana Silva,6600,22,3200.0385763494305,3399.96,Desconhecida,,
2024-05-15,Teclado,Informática,Norte,Carla Dias,3365,18,4921.633705460405,-1556.63,Rio Branco,-10.014325,-67.866949
2023-04-27,Headset,Armazenamento,Sul,Eva Santos,7975,2,432.2593353210271,7542.74,Maringá,-23.441206,-51.89437
2024-01-21,Memória RAM,Informática,Norte,Eva Santos,540,16,6036.812878929129,-5496.81,Rio Branco,-9.949193,-67.805081
2024-08-06,Mouse,Periféricos,Sul,Ana Silva,10041,12,706.7039726394947,9334.3,Caxias do Sul,-29.146906,-51.134585
2024-01-30,Memória RAM,Armazenamento,Norte,Diego Lima,3187,9,5279.254418838906,-2092.25,Belém,-1.496644,-48.507584
2025-12-23,Memória RAM,Armazenamento,Oeste,Bruno Costa,382,3,226.18122627635825,155.82,Desconhecida,,
2024-12-21,Webcam,Armazenamento,Norte,Diego Lima,10268,22,6668.553464953297,3599.45,Porto Velho,-8.763776,-63.893327
2023-03-13,Webcam,Periféricos,Norte,Diego Lima,3281,26,1463.621071372348,1817.38,Rio Branco,-9.993985,-67.860771
2023-10-01,Teclado,Armazenamento,Leste,Diego Lima,7784,21,4162.740009737765,3621.26,Desconhecida,,
2023-12-04,Webcam,Informática,Sul,Ana Silva,11648,28,2151.023797522745,9496.98,Curitiba,-25.440601,-49.244309
2024-08-29,Webcam,Informática,Oeste,Ana Silva,11066,4,5803.365840323662,5262.63,Desconhecida,,
2023-06-15,Headset,Armazenamento,Sul,Bruno Costa,383,26,2625.100713502592,-2242.1,Caxias do Sul,-29.19479,-51.130864
2023-01-11,Headphone,Armazenamento,Oeste,Diego Lima,1541,2,5818.904813219472,-4277.9,Desconhecida,,
2024-12-29,Teclado,Periféricos,Norte,Ana Silva,11234,8,2336.179958136974,8897.82,Palmas,-10.280669,-48.310746
2025-03-11,Headset,Periféricos,Leste,Bruno Costa,9597,10,6039.586880211219,3557.41,Desconhecida,,
2023-04-12,Headphone,Periféricos,Leste,Bruno Costa,10880,16,322.3955309882816,10557.6,Desconhecida,,
2025-02-17,Memória RAM,Armazenamento,Sul,Diego Lima,1039,23,2323.82577616088,-1284.83,Curitiba,-25.403449,-49.22576
2023-08-02,Headset,Periféricos,Leste,Carla Dias,8052,11,4029.177371007009,4022.82,Desconhecida,,
2024-02-05,SSD,Periféricos,Sul,Diego Lima,895,18,436.87188880422576,458.13,Londrina,-23.329633,-51.130944
2024-08-10,Headset,Informática,Sul,Carla Dias,10061,22,1553.3897660605269,8507.61,Blumenau,-26.959646,-49.051255
2025-06-07,Webcam,Periféricos,Oeste,Bruno Costa,577,14,7481.53289459833,-6904.53,Desconhecida,,
2025-12-05,Headphone,Informática,Sul,Ana Silva,881,8,7816.527380227099,-6935.53,Maringá,-23.408765,-51.968134
2024-08-14,Teclado,Informática,Oeste,Eva Santos,949,23,5938.819583332646,-4989.82,Desconhecida,,
2023-04-02,Teclado,Periféricos,Leste,Bruno Costa,6657,15,2077.4244008859496,4579.58,Desconhecida,,
2024-11-03,Headphone,Informática,Sul,Ana Silva,7175,17,2143.2981678528745,5031.7,Joinville,-26.330052,-48.810419
2024-12-14,Webcam,Armazenamento,Sul,Bruno Costa,9177,21,5194.659633736977,3982.34,Florianópolis,-27.600797,-48.55703
2025-07-24,Mouse,Armazenamento,Norte,Diego Lima,7774,18,1011.388963461718,6762.61,Porto Velho,-8.793006,-63.877237
2023-08-30,Headset,Periféricos,Sul,Carla Dias,8476,6,7590.610293008503,885.3900000000003,Curitiba,-25.476774,-49.226899
2023-01-02,Webcam,Armazenamento,Sul,Bruno Costa,5533,23,1860.5181641206616,3672.48,Joinville,-26.272924,-48.826344
2023-08-13,SSD,Informática,Norte,Ana Silva,6357,14,7997.114153369515,-1640.1099999999997,Manaus,-3.078319,-60.037951
2025-03-11,Memória RAM,Armazenamento,Norte,Diego Lima,2688,23,4006.211658795487,-1318.21,Palmas,-10.238004,-48.313419
2024-08-11,Headphone,Periféricos,Leste,Eva Santos,3868,3,6189.725512824056,-2321.73,Desconhecida,,
2023-04-26,Headset,Periféricos,Sul,Diego Lima,8382,7,97.29802848401329,8284.7,Porto Alegre,-30.018669,-51.189608
2025-07-06,Teclado,Informática,Leste,Carla Dias,3517,15,7118.871525633004,-3601.87,Desconhecida,,
2023-07-13,Memória RAM,Periféricos,Leste,Diego Lima,5158,21,2218.416194662197,2939.58,Desconhecida,,
2025-05-20,Mouse,Armazenamento,Norte,Eva Santos,5379,24,5370.059016820677,8.9399999999996,Manaus,-3.114319,-59.979791
2023-03-31,SSD,Periféricos,Oeste,Ana Silva,7538,28,6466.33382388523,1071.67,Desconhecida,,
2023-05-02,Teclado,Informática,Leste,Bruno Costa,2565,16,1380.0501052272962,1184.95,Desconhecida,,
2023-05-23,Headphone,Periféricos,Oeste,Carla Dias,7321,16,3584.6750921274934,3736.32,Desconhecida,,
2025-09-20,Headset,Armazenamento,Sul,Eva Santos,10382,8,3991.180649963233,6390.82,Florianópolis,-27.606372,-48.572231
2023-04-16,Headphone,Informática,Norte,Carla Dias,3099,7,2551.9861654865,547.0100000000002,Manaus,-3.152006,-59.97638
2025-06-05,Memória RAM,Armazenamento,Sul,Diego Lima,4411,6,3895.506171453533,515.4899999999998,Porto Alegre,-29.988662,-51.191616
2024-03-03,Headset,Informática,Sul,Carla Dias,5295,2,2594.961608630277,2700.04,Porto Alegre,-30.020505,-51.200098
2023-11-13,Webcam,Periféricos,Norte,Eva Santos,3616,22,2937.122140837257,678.8800000000001,Boa Vista,2.838143,-60.707131
2024-09-26,Mouse,Informática,Sul,Bruno Costa,3238,13,5381.102935325693,-2143.1000000000004,Florianópolis,-27.551629,-48.567821
2023-01-09,Webcam,Informática,Norte,Bruno Costa,1265,12,5090.138684975577,-3825.14,Boa Vista,2.844616,-60.660155
2025-02-12,Webcam,Periféricos,Oeste,Carla Dias,4728,15,1919.5445483164,2808.46,Desconhecida,,
2023-08-11,Headphone,Armazenamento,Sul,Ana Silva,2740,27,7188.064447579763,-4448.06,Florianópolis,-27.629451,-48.530667
2024-07-06,Memória RAM,Periféricos,Norte,Carla Dias,7522,9,6913.285281717413,608.71,Rio Branco,-9.998116,-67.858682
2024-12-16,Mouse,Informática,Leste,Diego Lima,3723,2,4111.939788984417,-388.9399999999996,Desconhecida,,
2023-04-21,Headset,Periféricos,Sul,Bruno Costa,3128,17,3511.3458821503427,-383.3499999999999,Florianópolis,-27.599982,-48.578958
2023-09-08,Headset,Informática,Oeste,Bruno Costa,10789,27,3064.699385234142,7724.3,Desconhecida,,
2024-01-18,SSD,Periféricos,Norte,Bruno Costa,9572,29,5681.561915838198,3890.44,Belém,-1.43691,-48.445805
2023-01-07,Teclado,Periféricos,Sul,Ana Silva,11008,5,5399.595173099006,5608.4,Porto Alegre,-30.04192,-51.177589
2024-04-03,SSD,Armazenamento,Sul,Ana Silva,7463,11,1633.7504069487911,5829.25,Caxias do Sul,-29.213504,-51.157263
2023-07-27,SSD,Informática,Sul,Eva Santos,7172,22,5397.947607898862,1774.0500000000002,Curitiba,-25.402298,-49.238994
2025-06-18,Headset,Armazenamento,Oeste,Carla Dias,5125,19,2079.2550572881564,3045.74,Desconhecida,,
2023-01-22,Headphone,Informática,Norte,Carla Dias,5075,24,226.98202526632247,4848.02,Manaus,-3.138666,-60.054398
2024-02-14,Webcam,Periféricos,Leste,Diego Lima,8197,7,5617.732726096026,2579.2700000000004,Desconhecida,,
2025-06-13,Memória RAM,Informática,Leste,Bruno Costa,8240,2,5186.765331489137,3053.23,Desconhecida,,
2024-05-29,Webcam,Armazenamento,Leste,Ana Silva,8201,16,3333.609358004784,4867.389999999999,Desconhecida,,
2025-03-19,Webcam,Armazenamento,Norte,Diego Lima,5442,12,4243.433562882488,1198.5699999999997,Porto Velho,-8.725357,-63.932021
2025-05-23,Mouse,Armazenamento,Leste,Diego Lima,6795,23,7581.579998309617,-786.5799999999999,Desconhecida,,
2023-01-14,Headset,Informática,Oeste,Ana Silva,10936,15,4793.985432771066,6142.01,Desconhecida,,
2025-08-28,Memória RAM,Armazenamento,Norte,Carla Dias,5553,1,5290.440767865329,262.5600000000004,Porto Velho,-8.778025,-63.943377
2025-09-04,Headphone,Armazenamento,Sul,Bruno Costa,3580,25,586.1776619171974,2993.82,Porto Alegre,-30.078909,-51.176097
2025-10-10,Mouse,Armazenamento,Oeste,Carla Dias,11259,13,1394.676128546992,9864.32,Desconhecida,,
2025-11-01,Teclado,Periféricos,Sul,Diego Lima,11294,23,2463.542029179778,8830.46,Curitiba,-25.464143,-49.251808
2023-03-28,Headphone,Periféricos,Leste,Bruno Costa,2145,6,4351.884198782894,-2206.88,Desconhecida,,
2025-06-27,SSD,Informática,Oeste,Eva Santos,6180,13,6230.599896187904,-50.60000000000037,Desconhecida,,
2023-05-02,Headphone,Informática,Norte,Diego Lima,4041,18,2624.227752085609,1416.77,Palmas,-10.291436,-48.313887
2025-01-19,Headphone,Armazenamento,Oeste,Carla Dias,7295,3,2902.5488493918897,4392.45,Desconhecida,,
2024-11-15,Webcam,Periféricos,Sul,Carla Dias,8648,1,2108.715010576091,6539.280000000001,Porto Alegre,-29.986141,-51.199899
2023-11-05,Headphone,Armazenamento,Norte,Carla Dias,9704,15,2096.5058880188226,7607.49,Boa Vista,2.777518,-60.639099
2024-11-25,SSD,Armazenamento,Oeste,Ana Silva,2252,26,7595.001659486788,-5343.0,Desconhecida,,
2023-10-15,SSD,Periféricos,Oeste,Diego Lima,3180,13,5112.820862581609,-1932.82,Desconhecida,,
2023-11-03,Headset,Periféricos,Oeste,Bruno Costa,8674,5,1314.7378488363788,7359.26,Desconhecida,,
2025-07-02,Headphone,Periféricos,Oeste,Carla Dias,8257,25,5800.208738427338,2456.79,Desconhecida,,
2024-10-23,Webcam,Informática,Norte,Carla Dias,11094,13,5798.4074554114295,5295.59,Palmas,-10.226399,-48.287893
2024-07-02,Headphone,Informática,Sul,Ana Silva,392,22,5358.443952745344,-4966.44,Curitiba,-25.46407,-49.294468
2023-11-08,Teclado,Armazenamento,Oeste,Bruno Costa,2034,5,1146.9859251180558,887.01,Desconhecida,,
2025-05-22,Teclado,Informática,Norte,Diego Lima,8165,28,3311.2925490791285,4853.71,Belém,-1.435808,-48.475412
2025-12-18,Webcam,Periféricos,Sul,Eva Santos,9774,19,925.510137515752,8848.49,Caxias do Sul,-29.178995,-51.173899
2025-07-12,Headset,Periféricos,Oeste,Ana Silva,10892,21,6547.634392409721,4344.37,Desconhecida,,
2025-01-24,Headset,Informática,Sul,Diego Lima,6897,24,5268.963373969121,1628.04,Caxias do Sul,-29.141649,-51.137126
2023-02-04,SSD,Armazenamento,Sul,Eva Santos,8644,28,4097.055179201121,4546.94,Blumenau,-26.877732,-49.051161
2024-03-20,SSD,Armazenamento,Norte,Carla Dias,4480,18,2796.682573884725,1683.3200000000002,Macapá,0.02657,-51.119038
2023-04-03,Mouse,Informática,Sul,Carla Dias,8013,21,1539.2558379959123,6473.74,Blumenau,-26.963143,-49.105151
2023-12-19,Webcam,Armazenamento,Norte,Bruno Costa,3259,22,923.0649035582144,2335.94,Palmas,-10.26393,-48.304173
2025-06-21,Headphone,Armazenamento,Oeste,Eva Santos,2336,10,7756.385611692244,-5420.39,Desconhecida,,
2025-05-11,Memória RAM,Armazenamento,Sul,Carla Dias,1700,24,1661.2172442917026,38.77999999999997,Curitiba,-25.463756,-49.24851
2023-06-08,Webcam,Periféricos,Sul,Carla Dias,10134,8,554.2070436333745,9579.79,Florianópolis,-27.644101,-48.569941
2025-08-14,Mouse,Periféricos,Leste,Bruno Costa,796,15,7696.400835685372,-6900.4,Desconhecida,,
2023-01-24,SSD,Informática,Oeste,Diego Lima,6294,21,4427.697791553991,1866.3,Desconhecida,,
2024-02-08,Webcam,Periféricos,Oeste,Carla Dias,4806,25,6389.521341129852,-1583.5200000000004,Desconhecida,,
2025-03-15,Webcam,Armazenamento,Leste,Ana Silva,9054,20,426.62550981068296,8627.37,Desconhecida,,
2024-05-30,SSD,Periféricos,Leste,Ana Silva,687,28,4570.211191238865,-3883.21,Desconhecida,,
2025-01-01,Mouse,Informática,Norte,Diego Lima,6722,25,3233.8229158145214,3488.18,Porto Velho,-8.762849,-63.906465
2024-06-15,SSD,Periféricos,Norte,Eva Santos,384,27,6193.958320051077,-5809.96,Belém,-1.45397,-48.530207
2025-08-13,Headset,Armazenamento,Sul,Bruno Costa,10738,23,384.3311134613441,10353.67,Curitiba,-25.461975,-49.310045
2023-06-01,Headphone,Armazenamento,Sul,Ana Silva,9846,22,3261.3893030079857,6584.610000000001,Joinville,-26.326014,-48.86318
2025-08-04,SSD,Informática,Sul,Ana Silva,6689,4,6408.661482330673,280.34000000000015,Blumenau,-26.937192,-49.026275
2024-08-30,Mouse,Periféricos,Sul,Diego Lima,1524,2,4219.76233593589,-2695.76,Blumenau,-26.877484,-49.086108
2024-02-24,Teclado,Periféricos,Norte,Eva Santos,2059,24,4436.306828708944,-2377.3100000000004,Macapá,-0.003617,-51.063778
2025-05-15,Headset,Periféricos,Oeste,Eva Santos,9257,6,849.5442811704468,8407.46,Desconhecida,,
2024-07-31,Teclado,Armazenamento,Sul,Diego Lima,7368,28,1128.0580044711237,6239.9400000000005,Caxias do Sul,-29.170543,-51.132264
2023-12-01,Memória RAM,Informática,Oeste,Ana Silva,230,3,5441.836874497024,-5211.84,Desconhecida,,
2025-07-20,SSD,Periféricos,Sul,Bruno Costa,2233,7,5426.369248536165,-3193.37,Blumenau,-26.920502,-49.112369
2023-10-22,Headset,Armazenamento,Leste,Ana Silva,11030,10,7834.498882478005,3195.5,Desconhecida,,
2025-01-24,Headphone,Armazenamento,Sul,Eva Santos,1840,23,5718.667665479159,-3878.67,Maringá,-23.413968,-51.979002
2023-07-05,SSD,Armazenamento,Sul,Ana Silva,906,6,3986.488487792903,-3080.49,Florianópolis,-27.637468,-48.528388
2024-09-28,Headphone,Periféricos,Sul,Bruno Costa,2820,16,6870.036362385738,-4050.04,Florianópolis,-27.597692,-48.56413
2024-06-13,Webcam,Periféricos,Norte,Carla Dias,3901,2,907.426047662215,2993.57,Manaus,-3.146192,-60.052822
2023-01-21,Teclado,Periféricos,Leste,Ana Silva,11894,24,3638.422901498336,8255.58,Desconhecida,,
2025-06-29,Headset,Periféricos,Sul,Diego Lima,8809,17,2353.9041585463524,6455.1,Florianópolis,-27.549432,-48.538524
2025-05-16,Headphone,Periféricos,Sul,Carla Dias,5411,13,908.7314308667948,4502.27,Porto Alegre,-30.020434,-51.196707
2025-03-04,Mouse,Periféricos,Oeste,Diego Lima,7002,1,6126.936510985301,875.0600000000004,Desconhecida,,
2023-04-10,Headphone,Periféricos,Leste,Diego Lima,1644,6,4125.472881551161,-2481.4700000000003,Desconhecida,,
2025-01-21,Mouse,Periféricos,Sul,Diego Lima,5890,5,4489.608261588126,1400.3900000000003,Porto Alegre,-30.074074,-51.201236
2024-04-22,SSD,Periféricos,Oeste,Ana Silva,9361,25,3337.1410882498058,6023.860000000001,Desconhecida,,
2025-07-28,Headset,Armazenamento,Oeste,Eva Santos,8205,13,3725.870874293663,4479.13,Desconhecida,,
2024-06-09,Headphone,Periféricos,Norte,Carla Dias,1051,28,998.8577060141848,52.13999999999999,Porto Velho,-8.747327,-63.887552
2023-11-30,Memória RAM,Informática,Oeste,Bruno Costa,822,23,5409.5091683528535,-4587.51,Desconhecida,,
2023-01-02,Headphone,Armazenamento,Sul,Eva Santos,8780,18,3504.983088073293,5275.02,Porto Alegre,-30.049326,-51.195654
2024-01-10,Memória RAM,Periféricos,Norte,Ana Silva,10418,29,6548.7991791863,3869.2,Macapá,0.042803,-51.070243
2023-10-20,Headset,Informática,Norte,Diego Lima,594,12,1634.5946251331627,-1040.59,Belém,-1.40917,-48.464571
2025-04-16,Headphone,Periféricos,Sul,Bruno Costa,9307,7,1704.0363398771792,7602.96,Joinville,-26.304802,-48.850778
2025-10-01,Mouse,Informática,Leste,Carla Dias,8805,15,5194.415806523047,3610.58,Desconhecida,,
2024-07-06,Headphone,Informática,Oeste,Eva Santos,2348,3,6780.347113307384,-4432.35,Desconhecida,,
2023-11-14,Teclado,Informática,Norte,Eva Santos,2437,16,3819.8068818559486,-1382.81,Palmas,-10.227231,-48.369564
2024-01-16,SSD,Informática,Leste,Bruno Costa,11518,1,5837.474640366152,5680.53,Desconhecida,,
2023-01-14,Webcam,Armazenamento,Sul,Ana Silva,4158,27,7994.692978225238,-3836.69,Blumenau,-26.909438,-49.108944
2024-05-18,Mouse,Armazenamento,Oeste,Carla Dias,11846,16,7922.9038666531105,3923.1,Desconhecida,,
2023-08-19,Teclado,Informática,Oeste,Bruno Costa,9254,24,5975.147795147865,3278.8500000000004,Desconhecida,,
2023-05-10,Memória RAM,Periféricos,Norte,Diego Lima,646,12,5937.524998251731,-5291.52,Macapá,-0.008703,-51.045654
2025-04-17,SSD,Informática,Oeste,Carla Dias,1613,19,2041.141586615333,-428.1400000000001,Desconhecida,,
2025-06-09,Headset,Armazenamento,Oeste,Eva Santos,6978,27,6681.633881826688,296.3699999999999,Desconhecida,,
2023-01-28,Mouse,Periféricos,Oeste,Bruno Costa,4403,8,3288.408846213195,1114.59,Desconhecida,,
2023-03-07,Webcam,Armazenamento,Oeste,Eva Santos,643,23,7698.9917661452355,-7055.99,Desconhecida,,
2023-09-18,SSD,Armazenamento,Sul,Eva Santos,5215,12,724.9072945589293,4490.09,Florianópolis,-27.560713,-48.55735
2024-04-04,Memória RAM,Periféricos,Leste,Eva Santos,5580,15,3531.8557214719904,2048.14,Desconhecida,,
2023-10-28,Webcam,Informática,Sul,Ana Silva,1576,2,4482.256662453309,-2906.26,Caxias do Sul,-29.123385,-51.201903
2025-07-07,Headset,Informática,Sul,Eva Santos,10034,29,3288.8371601224258,6745.16,Porto Alegre,-30.08198,-51.243433
2023-10-14,Headset,Informática,Norte,Diego Lima,1943,17,1747.7871887991512,195.21000000000004,Macapá,0.020035,-51.066933
2025-10-30,Memória RAM,Informática,Oeste,Diego Lima,2873,7,4776.468831157478,-1903.4700000000005,Desconhecida,,
2024-09-21,Mouse,Periféricos,Sul,Carla Dias,808,13,6066.869883831089,-5258.87,Florianópolis,-27.593323,-48.563986
2023-09-27,Memória RAM,Periféricos,Oeste,Eva Santos,4911,1,5187.121680479956,-276.1199999999999,Desconhecida,,
2024-08-14,Headphone,Periféricos,Sul,Eva Santos,7780,6,1936.834882559673,5843.17,Porto Alegre,-30.0343,-51.200511
2025-04-23,Headset,Armazenamento,Sul,Bruno Costa,8891,13,5874.33491939871,3016.67,Curitiba,-25.398847,-49.264338
2025-05-11,SSD,Periféricos,Norte,Ana Silva,8984,11,2114.630623872941,6869.37,Palmas,-10.259829,-48.371013
2023-05-13,Headphone,Informática,Leste,Carla Dias,4500,10,1467.602714358397,3032.4,Desconhecida,,
2025-08-29,Teclado,Armazenamento,Leste,Eva Santos,357,16,5550.090682274679,-5193.09,Desconhecida,,
2024-05-27,Webcam,Informática,Sul,Bruno Costa,10839,27,6754.874989222319,4084.13,Maringá,-23.434868,-51.92724
2023-11-09,Headphone,Informática,Norte,Ana Silva,4340,26,3893.792425756869,446.21,Palmas,-10.231306,-48.307604
2024-07-29,Webcam,Periféricos,Oeste,Carla Dias,2033,24,4288.623001656427,-2255.62,Desconhecida,,
2025-06-04,Memória RAM,Periféricos,Oeste,Carla Dias,3036,23,2477.7607581321613,558.2399999999998,Desconhecida,,
2024-11-17,Headphone,Informática,Sul,Eva Santos,627,20,3997.374679671456,-3370.37,Joinville,-26.32303,-48.865668
2023-06-14,Memória RAM,Informática,Leste,Carla Dias,9103,17,1125.305344258265,7977.69,Desconhecida,,
2023-11-01,Teclado,Armazenamento,Norte,Bruno Costa,8531,17,7650.180171089281,880.8199999999997,Porto Velho,-8.767096,-63.861129
2023-06-05,Headset,Periféricos,Leste,Carla Dias,7004,4,6418.856376960242,585.1400000000003,Desconhecida,,
2024-09-11,Teclado,Armazenamento,Oeste,Diego Lima,905,5,5370.346641711703,-4465.35,Desconhecida,,
2025-08-14,Headset,Armazenamento,Leste,Bruno Costa,9788,28,4342.499423740472,5445.5,Desconhecida,,
2023-11-30,Memória RAM,Armazenamento,Oeste,Ana Silva,5081,23,6353.979558925479,-1272.9799999999996,Desconhecida,,
2025-08-26,Headset,Informática,Norte,Ana Silva,10005,14,3998.47733751957,6006.52,Manaus,-3.073573,-60.043026
2024-05-25,Webcam,Armazenamento,Norte,Eva Santos,5874,20,2455.7933525838976,3418.21,Manaus,-3.076761,-60.016017
2025-11-09,SSD,Armazenamento,Sul,Eva Santos,10177,10,1350.1639425200426,8826.84,Maringá,-23.450232,-51.914775
2023-10-09,Teclado,Informática,Sul,Diego Lima,4300,14,5208.877863310314,-908.88,Blumenau,-26.874947,-49.072173
2025-03-07,Headphone,Periféricos,Leste,Ana Silva,4210,28,7441.051900609991,-3231.05,Desconhecida,,
2025-10-21,Teclado,Periféricos,Norte,Ana Silva,4915,1,1296.6589437544612,3618.34,Macapá,0.054763,-51.021989
2023-04-29,Webcam,Armazenamento,Norte,Ana Silva,3762,11,1505.7429168023896,2256.26,Boa Vista,2.847545,-60.633107
2025-11-24,Headset,Informática,Sul,Ana Silva,6703,26,3514.159784603518,3188.84,Curitiba,-25.470922,-49.312283
2023-07-17,Webcam,Periféricos,Oeste,Carla Dias,7528,23,6470.642835523937,1057.3599999999997,Desconhecida,,
2024-04-29,Mouse,Armazenamento,Leste,Bruno Costa,1839,18,2407.8680134543165,-568.8699999999999,Desconhecida,,
2025-12-18,Mouse,Armazenamento,Leste,Bruno Costa,1466,16,2090.9903633866224,-624.9899999999998,Desconhecida,,
2025-04-16,Headphone,Informática,Sul,Diego Lima,7280,29,4990.133028385644,2289.87,Curitiba,-25.397149,-49.27171
2025-10-05,Webcam,Armazenamento,Norte,Carla Dias,3336,27,4322.069072444709,-986.0699999999996,Palmas,-10.273929,-48.323702
2024-11-21,Memória RAM,Periféricos,Sul,Ana Silva,5939,18,556.9452864062712,5382.05,Londrina,-23.288615,-51.206202
2025-11-01,Headphone,Informática,Sul,Ana Silva,1295,8,725.4006202894702,569.6,Curitiba,-25.427283,-49.317862
2024-05-04,Memória RAM,Periféricos,Sul,Eva Santos,4544,28,5172.662803063348,-628.6599999999999,Joinville,-26.331292,-48.836697
2023-10-03,Headphone,Periféricos,Sul,Eva Santos,8092,10,3763.778905250414,4328.219999999999,Florianópolis,-27.566721,-48.59227
2024-11-23,Mouse,Periféricos,Oeste,Diego Lima,7698,26,7770.139357386044,-72.14000000000033,Desconhecida,,
2023-08-30,Headphone,Armazenamento,Oeste,Ana Silva,710,10,5453.968772982113,-4743.97,Desconhecida,,
2023-05-06,Mouse,Armazenamento,Norte,Diego Lima,2062,5,159.78340298639313,1902.22,Manaus,-3.153581,-60.018834
2023-08-05,Headset,Periféricos,Sul,Carla Dias,2014,10,3889.6687360196574,-1875.67,Joinville,-26.345864,-48.810853
2025-11-28,Memória RAM,Periféricos,Oeste,Bruno Costa,446,18,3362.4276454809974,-2916.43,Desconhecida,,
2024-05-09,Webcam,Informática,Norte,Ana Silva,2559,21,925.173771150648,1633.83,Rio Branco,-9.96964,-67.776439
2024-03-02,Headphone,Informática,Sul,Carla Dias,10978,24,7391.813980107745,3586.19,Caxias do Sul,-29.19301,-51.221805
2025-07-07,Mouse,Armazenamento,Leste,Ana Silva,7780,6,6455.689488727251,1324.3100000000004,Desconhecida,,
2023-05-31,Teclado,Armazenamento,Oeste,Eva Santos,1611,3,1902.2803946864149,-291.28,Desconhecida,,
2024-01-19,Memória RAM,Informática,Norte,Diego Lima,4442,8,2107.367610036538,2334.63,Boa Vista,2.799903,-60.707014
2023-11-04,Headphone,Periféricos,Leste,Eva Santos,2418,9,333.5829822900516,2084.42,Desconhecida,,
2025-01-15,SSD,Armazenamento,Sul,Bruno Costa,1144,5,2430.0022165060045,-1286.0,Caxias do Sul,-29.129903,-51.195733
2025-06-10,Headset,Periféricos,Sul,Eva Santos,6704,29,4710.2063105937605,1993.79,Curitiba,-25.402745,-49.29049
2024-01-10,Headset,Informática,Sul,Ana Silva,157,2,3413.0796360224126,-3256.08,Londrina,-23.272336,-51.150412
2025-10-28,Teclado,Armazenamento,Oeste,Eva Santos,10933,2,7756.503272659872,3176.5,Desconhecida,,
2023-05-09,Mouse,Armazenamento,Norte,Ana Silva,2665,7,524.1549405682733,2140.85,Manaus,-3.069913,-59.993472
2025-10-11,Headphone,Informática,Leste,Bruno Costa,1567,17,4764.126858480164,-3197.13,Desconhecida,,
2024-10-30,Memória RAM,Armazenamento,Norte,Eva Santos,2466,10,6877.810768815821,-4411.81,Manaus,-3.166956,-59.992515
2024-05-31,Mouse,Informática,Oeste,Diego Lima,7508,12,3887.468026285003,3620.53,Desconhecida,,
2023-03-27,Headset,Armazenamento,Norte,Diego Lima,4082,2,103.46474683834276,3978.54,Porto Velho,-8.78238,-63.875268
2023-11-07,Mouse,Informática,Oeste,Diego Lima,6354,10,2002.9878786240995,4351.01,Desconhecida,,
2024-03-02,Headset,Armazenamento,Sul,Eva Santos,1437,20,2644.250287290292,-1207.25,Curitiba,-25.448274,-49.292264
2023-04-24,Mouse,Periféricos,Leste,Eva Santos,11186,1,7730.676396895103,3455.32,Desconhecida,,
2023-10-30,Teclado,Periféricos,Sul,Eva Santos,1268,4,7301.2443921625,-6033.24,Caxias do Sul,-29.162567,-51.18845
2025-01-13,Webcam,Periféricos,Norte,Ana Silva,8894,13,7597.430400452432,1296.5699999999997,Macapá,0.040167,-51.076166
2024-08-10,Teclado,Armazenamento,Sul,Bruno Costa,7787,12,6620.006984326389,1166.9899999999998,Maringá,-23.379595,-51.890089
2025-09-13,Teclado,Armazenamento,Leste,Diego Lima,810,11,2865.0500541821225,-2055.05,Desconhecida,,
2023-12-11,Webcam,Periféricos,Sul,Ana Silva,9057,29,7254.541263001908,1802.46,Maringá,-23.399976,-51.899468
2025-03-24,Webcam,Periféricos,Leste,Diego Lima,7072,10,7854.941287021426,-782.9399999999996,Desconhecida,,
2025-03-11,Headphone,Informática,Leste,Ana Silva,11927,15,2852.564793217627,9074.44,Desconhecida,,
2025-10-21,Memória RAM,Informática,Sul,Eva Santos,8254,5,2143.6032506126758,6110.4,Florianópolis,-27.624535,-48.548163
2025-12-12,Memória RAM,Informática,Oeste,Diego Lima,6487,25,4411.577038835193,2075.42,Desconhecida,,
2025-12-28,Headphone,Periféricos,Norte,Eva Santos,2679,17,1562.2453653835255,1116.75,Rio Branco,-9.939804,-67.813898
2023-12-27,Teclado,Periféricos,Oeste,Diego Lima,4120,28,338.3838335385313,3781.62,Desconhecida,,
2025-10-06,Teclado,Periféricos,Oeste,Carla Dias,3557,5,7570.982875237688,-4013.98,Desconhecida,,
2024-12-04,Headset,Informática,Sul,Ana Silva,9800,2,7411.865808936041,2388.13,Florianópolis,-27.55998,-48.556597
2024-07-28,Headset,Armazenamento,Norte,Carla Dias,11609,9,1368.2185217959986,10240.78,Porto Velho,-8.754149,-63.950336
2024-11-18,Memória RAM,Periféricos,Norte,Ana Silva,9196,6,3309.302755683378,5886.7,Boa Vista,2.845318,-60.669089
2025-02-19,Headphone,Armazenamento,Oeste,Bruno Costa,7566,18,6661.80760111967,904.1899999999996,Desconhecida,,
2024-08-07,SSD,Armazenamento,Sul,Diego Lima,4910,14,5315.122366661156,-405.1199999999999,Londrina,-23.286363,-51.191793
2024-08-11,SSD,Armazenamento,Norte,Bruno Costa,11879,19,3206.717072632054,8672.28,Macapá,0.055627,-51.020606
2024-05-03,Headphone,Informática,Oeste,Bruno Costa,2047,14,5973.834297687927,-3926.83,Desconhecida,,
2025-08-28,Headset,Armazenamento,Norte,Ana Silva,6514,8,7184.6153146247125,-670.6199999999999,Palmas,-10.223563,-48.313357
2024-05-08,Memória RAM,Periféricos,Sul,Carla Dias,8614,17,7415.173977764874,1198.83,Maringá,-23.416165,-51.906762
2023-01-19,Memória RAM,Informática,Sul,Eva Santos,4237,28,3080.488926423737,1156.5100000000002,Porto Alegre,-30.032514,-51.180876
2024-02-01,Headset,Periféricos,Sul,Ana Silva,9614,3,1454.6005861767255,8159.4,Maringá,-23.432406,-51.932704
2025-09-27,SSD,Periféricos,Norte,Eva Santos,4524,29,7309.683756896283,-2785.6800000000003,Manaus,-3.125767,-60.060841
2025-04-30,Mouse,Informática,Leste,Bruno Costa,7757,10,813.0391312193439,6943.96,Desconhecida,,
2025-04-01,Mouse,Periféricos,Norte,Eva Santos,4169,17,5795.772058527056,-1626.7700000000004,Palmas,-10.294228,-48.372651
2024-03-30,Headset,Periféricos,Leste,Carla Dias,965,27,1192.738733697549,-227.74,Desconhecida,,
2024-12-25,Mouse,Informática,Sul,Ana Silva,7405,11,3163.943888968122,4241.06,Joinville,-26.283987,-48.819168
2025-12-24,Webcam,Periféricos,Oeste,Carla Dias,1072,8,3339.5215126366165,-2267.52,Desconhecida,,
2024-12-11,Headphone,Armazenamento,Leste,Carla Dias,5017,1,1337.3626876877004,3679.64,Desconhecida,,
2023-05-23,Headphone,Periféricos,Sul,Ana Silva,1414,13,7387.636957332366,-5973.64,Florianópolis,-27.59099,-48.509411
2025-07-05,Headset,Armazenamento,Sul,Carla Dias,3874,21,101.1318906335472,3772.87,Blumenau,-26.946875,-49.083098
2025-04-07,Teclado,Periféricos,Leste,Diego Lima,11129,4,7158.963662275714,3970.04,Desconhecida,,
2024-08-27,SSD,Informática,Oeste,Diego Lima,2872,7,7079.928241925845,-4207.93,Desconhecida,,
2023-11-01,Headset,Informática,Sul,Diego Lima,5505,14,2590.352137288173,2914.65,Porto Alegre,-29.998232,-51.21238
2025-01-05,Mouse,Periféricos,Leste,Eva Santos,2700,5,5657.931417443862,-2957.9300000000003,Desconhecida,,
2023-10-18,SSD,Informática,Oeste,Carla Dias,5469,24,2082.2465774826587,3386.75,Desconhecida,,
2023-04-12,Teclado,Periféricos,Oeste,Ana Silva,11291,28,6089.486613051193,5201.51,Desconhecida,,
2025-05-16,Mouse,Informática,Sul,Ana Silva,6836,11,4524.068354958928,2311.9300000000003,Maringá,-23.408231,-51.931868
2025-08-25,Memória RAM,Armazenamento,Norte,Eva Santos,1823,17,2457.785597641454,-634.79,Macapá,0.035293,-51.028949
2025-08-31,Webcam,Periféricos,Norte,Ana Silva,4737,5,3249.8592488102245,1487.14,Boa Vista,2.791945,-60.628465
2025-04-21,Mouse,Armazenamento,Sul,Diego Lima,11434,20,5543.918759328156,5890.08,Florianópolis,-27.559327,-48.549709
2025-08-19,Webcam,Armazenamento,Oeste,Carla Dias,5503,3,7256.2918011787615,-1753.29,Desconhecida,,
2025-07-30,SSD,Periféricos,Sul,Ana Silva,7007,5,1115.354011212815,5891.65,Maringá,-23.394305,-51.969255
2025-10-23,Webcam,Armazenamento,Leste,Ana Silva,11180,26,4605.202639779724,6574.8,Desconhecida,,
2023-03-26,SSD,Periféricos,Norte,Bruno Costa,1816,15,2089.5352597003703,-273.54,Belém,-1.467098,-48.45819
2023-11-24,SSD,Armazenamento,Leste,Bruno Costa,4661,19,6426.868219013637,-1765.87,Desconhecida,,
2025-03-26,SSD,Periféricos,Sul,Bruno Costa,10537,16,636.2794624862901,9900.72,Florianópolis,-27.638029,-48.521426
2024-03-29,SSD,Periféricos,Sul,Carla Dias,6322,8,5536.529858155665,785.4700000000003,Londrina,-23.31433,-51.147352
2024-09-20,SSD,Informática,Oeste,Diego Lima,1534,13,1465.572428432956,68.43000000000006,Desconhecida,,
2024-10-26,Mouse,Periféricos,Oeste,Diego Lima,4553,16,4803.372513753576,-250.3699999999999,Desconhecida,,
2023-01-12,SSD,Periféricos,Oeste,Diego Lima,4104,3,6698.685290566121,-2594.69,Desconhecida,,
2023-10-31,Mouse,Armazenamento,Leste,Carla Dias,6455,1,6060.238844003702,394.7600000000002,Desconhecida,,
2025-09-01,SSD,Periféricos,Oeste,Carla Dias,11241,9,6043.307670454407,5197.69,Desconhecida,,
2025-02-21,Webcam,Informática,Sul,Bruno Costa,8402,9,4181.3348725202895,4220.67,Maringá,-23.46606,-51.883532
2023-02-12,Memória RAM,Armazenamento,Oeste,Ana Silva,7388,22,7134.705087449793,253.29,Desconhecida,,
2025-08-01,SSD,Armazenamento,Norte,Eva Santos,7131,26,4737.793170076624,2393.21,Porto Velho,-8.767368,-63.921716
2023-12-09,Teclado,Informática,Oeste,Eva Santos,6176,17,7346.742310912599,-1170.7399999999998,Desconhecida,,
2024-05-12,SSD,Armazenamento,Leste,Ana Silva,6759,24,4408.457866032747,2350.54,Desconhecida,,
2023-12-30,SSD,Armazenamento,Norte,Bruno Costa,10632,2,4087.2472591184232,6544.75,Palmas,-10.2987,-48.35998
2025-06-09,Webcam,Armazenamento,Norte,Ana Silva,8814,9,1841.0359121456904,6972.96,Belém,-1.485904,-48.517622
2024-03-02,Headphone,Armazenamento,Norte,Ana Silva,1108,24,4394.710299919224,-3286.71,Belém,-1.440195,-48.507449
2025-10-01,Webcam,Informática,Leste,Eva Santos,8874,19,1193.431863491264,7680.57,Desconhecida,,
2023-01-21,Teclado,Informática,Sul,Bruno Costa,643,13,6967.9463939756,-6324.95,Blumenau,-26.899947,-49.07955
2024-02-11,Headphone,Armazenamento,Oeste,Carla Dias,7192,5,5433.063758569684,1758.9399999999996,Desconhecida,,
2024-09-10,Headset,Armazenamento,Norte,Eva Santos,231,9,7949.5927520641,-7718.59,Boa Vista,2.869928,-60.663619
2025-10-11,Headset,Informática,Norte,Carla Dias,7149,13,809.411628100943,6339.59,Belém,-1.460708,-48.456649
2023-12-02,Teclado,Informática,Norte,Bruno Costa,3120,1,1986.128178774672,1133.87,Belém,-1.438956,-48.484135
2024-02-03,Webcam,Informática,Sul,Ana Silva,161,25,7027.096145787823,-6866.1,Maringá,-23.403256,-51.919027
2025-03-03,Mouse,Armazenamento,Sul,Diego Lima,7974,15,3210.412470169828,4763.59,Blumenau,-26.950423,-49.105461
2024-12-15,Teclado,Armazenamento,Leste,Diego Lima,911,4,3773.1196806566286,-2862.12,Desconhecida,,
2023-02-20,Memória RAM,Periféricos,Sul,Bruno Costa,3335,4,6896.362948109926,-3561.36,Maringá,-23.411598,-51.977119
2023-11-20,Headphone,Informática,Oeste,Diego Lima,175,20,4212.839941603622,-4037.84,Desconhecida,,
2025-02-27,Headphone,Armazenamento,Leste,Carla Dias,1956,10,1612.3287273617957,343.6700000000001,Desconhecida,,
2023-05-21,SSD,Informática,Leste,Diego Lima,6801,28,7144.878514045465,-343.8800000000001,Desconhecida,,
2024-04-14,Headset,Armazenamento,Oeste,Bruno Costa,5814,25,326.0083188704252,5487.99,Desconhecida,,
2025-02-25,Headphone,Informática,Oeste,Bruno Costa,5304,6,7171.53843973607,-1867.54,Desconhecida,,
2025-08-21,Teclado,Armazenamento,Oeste,Carla Dias,5974,27,480.12019524489074,5493.88,Desconhecida,,
2025-10-04,Headphone,Periféricos,Leste,Diego Lima,3809,24,5353.526967633015,-1544.5299999999995,Desconhecida,,
2024-01-08,Teclado,Periféricos,Leste,Diego Lima,1675,12,647.7006870286506,1027.3,Desconhecida,,
2024-05-08,Mouse,Informática,Leste,Ana Silva,910,20,5673.206848843319,-4763.21,Desconhecida,,
2025-01-20,SSD,Armazenamento,Oeste,Eva Santos,744,16,349.052864956971,394.95,Desconhecida,,
2023-10-18,Headset,Armazenamento,Oeste,Bruno Costa,7342,3,6752.265203469437,589.7299999999996,Desconhecida,,
2023-04-16,Headphone,Informática,Norte,Ana Silva,1205,14,3770.2760913654793,-2565.28,Porto Velho,-8.723253,-63.944671
2024-10-31,Teclado,Armazenamento,Sul,Bruno Costa,10196,1,820.1549883375131,9375.85,Porto Alegre,-29.993765,-51.178699
2023-01-02,Webcam,Informática,Norte,Ana Silva,3233,10,5678.01000448034,-2445.01,Belém,-1.437855,-48.516153
2024-08-11,Headset,Armazenamento,Oeste,Eva Santos,3825,15,3955.178047429799,-130.17999999999984,Desconhecida,,
2024-10-05,Mouse,Informática,Leste,Ana Silva,10390,7,1592.3149622935075,8797.69,Desconhecida,,
2023-03-31,Teclado,Armazenamento,Oeste,Bruno Costa,9800,4,204.12520119870817,9595.87,Desconhecida,,
2023-12-16,Memória RAM,Informática,Sul,Diego Lima,6107,14,3390.5462170262545,2716.45,Maringá,-23.440875,-51.948715
2025-11-28,Memória RAM,Armazenamento,Norte,Bruno Costa,5405,24,758.1835073700017,4646.82,Boa Vista,2.852567,-60.637969
2025-06-27,SSD,Periféricos,Norte,Carla Dias,9561,16,825.8240101181186,8735.18,Porto Velho,-8.754048,-63.922584
2023-06-08,SSD,Armazenamento,Leste,Carla Dias,4378,14,2197.250023032401,2180.75,Desconhecida,,
2025-08-16,Mouse,Informática,Norte,Carla Dias,4331,3,5073.22971416,-742.2299999999996,Porto Velho,-8.7941,-63.907829
2023-11-08,Mouse,Periféricos,Norte,Carla Dias,9841,17,4276.892019802717,5564.11,Rio Branco,-10.006953,-67.865444
2024-03-20,SSD,Armazenamento,Oeste,Eva Santos,1980,21,626.3794814087504,1353.62,Desconhecida,,
2023-10-25,Headphone,Periféricos,Norte,Diego Lima,3545,14,7749.975705068361,-4204.98,Macapá,0.046414,-51.081259
2025-08-09,Headphone,Armazenamento,Norte,Diego Lima,1353,18,7106.376011293161,-5753.38,Boa Vista,2.833527,-60.716574
2023-02-05,Teclado,Periféricos,Norte,Bruno Costa,2960,3,2133.065858189653,826.9299999999998,Manaus,-3.114746,-59.996505
2024-07-12,Webcam,Informática,Leste,Ana Silva,3242,22,1048.9215216201587,2193.08,Desconhecida,,
2025-06-09,Teclado,Armazenamento,Leste,Bruno Costa,3194,19,7543.830688875362,-4349.83,Desconhecida,,
2023-05-21,Webcam,Armazenamento,Oeste,Bruno Costa,6221,3,3732.242880815143,2488.76,Desconhecida,,
2025-06-05,Mouse,Informática,Norte,Bruno Costa,7422,12,2544.442360989772,4877.56,Manaus,-3.111594,-60.003269
2024-12-26,Headset,Periféricos,Leste,Bruno Costa,4823,22,3963.635638508284,859.3600000000001,Desconhecida,,
2025-11-15,Teclado,Informática,Leste,Diego Lima,3664,5,6200.133624807584,-2536.13,Desconhecida,,
2024-06-04,Teclado,Informática,Oeste,Ana Silva,10140,10,1413.6115625601915,8726.39,Desconhecida,,
2023-01-10,Webcam,Periféricos,Sul,Bruno Costa,6342,9,6158.567001393712,183.4300000000003,Porto Alegre,-29.99784,-51.191863
2025-09-10,Mouse,Informática,Norte,Diego Lima,10917,1,6015.618560436215,4901.38,Palmas,-10.223664,-48.289082
2024-01-13,Mouse,Armazenamento,Leste,Bruno Costa,294,13,4351.637782339768,-4057.64,Desconhecida,,
2024-11-12,Memória RAM,Armazenamento,Oeste,Carla Dias,7657,3,6937.470926896687,719.5299999999997,Desconhecida,,
2024-08-06,Webcam,Armazenamento,Oeste,Bruno Costa,5007,19,1126.5755551052955,3880.42,Desconhecida,,
2023-06-01,Mouse,Informática,Oeste,Bruno Costa,1527,11,4796.193732792131,-3269.19,Desconhecida,,
2024-12-20,SSD,Armazenamento,Leste,Eva Santos,3296,16,3638.7969758144272,-342.8000000000002,Desconhecida,,
2025-12-08,Headphone,Armazenamento,Norte,Carla Dias,10167,6,3424.553533659787,6742.45,Palmas,-10.219165,-48.278111
2025-05-08,Memória RAM,Armazenamento,Sul,Ana Silva,5174,24,2080.2836844546414,3093.72,Caxias do Sul,-29.146838,-51.153708
2023-02-19,SSD,Armazenamento,Norte,Bruno Costa,943,3,3028.454881934472,-2085.45,Belém,-1.412172,-48.44951
2024-10-25,Headset,Armazenamento,Oeste,Ana Silva,9943,19,936.5539877074328,9006.45,Desconhecida,,
2024-06-14,Teclado,Armazenamento,Oeste,Carla Dias,5906,6,2072.663840537416,3833.34,Desconhecida,,
2025-12-19,Memória RAM,Informática,Sul,Bruno Costa,4564,8,2233.963653602414,2330.04,Porto Alegre,-30.012126,-51.18812
2025-05-06,Headset,Armazenamento,Norte,Eva Santos,1260,22,5787.689510284305,-4527.69,Belém,-1.461678,-48.519081
2023-05-26,Teclado,Armazenamento,Oeste,Diego Lima,5822,13,464.5193834941962,5357.48,Desconhecida,,
2025-07-03,Headphone,Periféricos,Oeste,Eva Santos,4203,12,5237.443080554817,-1034.4399999999996,Desconhecida,,
2025-09-19,Mouse,Informática,Norte,Eva Santos,4087,10,1833.566485562064,2253.4300000000003,Manaus,-3.143983,-59.984061
2023-08-30,SSD,Informática,Oeste,Diego Lima,4113,3,728.3431268570479,3384.66,Desconhecida,,
2024-08-03,Webcam,Informática,Norte,Diego Lima,5092,4,2462.384795796638,2629.62,Rio Branco,-10.016914,-67.823747
2024-11-17,SSD,Informática,Oeste,Diego Lima,6047,1,1857.825125874534,4189.17,Desconhecida,,
2024-04-27,Headphone,Armazenamento,Norte,Bruno Costa,9124,13,4452.096416651612,4671.9,Boa Vista,2.807882,-60.699635
2024-11-03,Headset,Armazenamento,Sul,Ana Silva,1266,24,2910.4211153078622,-1644.42,Joinville,-26.326685,-48.805915
2024-09-22,Webcam,Periféricos,Oeste,Ana Silva,1900,4,7730.670439873943,-5830.67,Desconhecida,,
2024-10-22,Mouse,Periféricos,Sul,Diego Lima,10918,22,7711.312827175537,3206.69,Joinville,-26.345661,-48.873831
2024-10-23,Headphone,Informática,Oeste,Eva Santos,4177,11,3594.224931432297,582.7800000000002,Desconhecida,,
2025-03-15,Webcam,Periféricos,Oeste,Carla Dias,11678,19,6377.092688429256,5300.91,Desconhecida,,
2024-02-23,Headphone,Periféricos,Leste,Diego Lima,5895,11,185.08684361813027,5709.91,Desconhecida,,
2025-09-14,Headphone,Informática,Norte,Eva Santos,5214,12,4418.667751020437,795.3299999999999,Porto Velho,-8.717213,-63.854274
2024-10-11,Mouse,Informática,Sul,Eva Santos,9829,11,5966.929444671274,3862.07,Joinville,-26.272718,-48.819457
2025-08-26,Memória RAM,Periféricos,Sul,Bruno Costa,11973,6,1798.1903452261004,10174.81,Londrina,-23.30537,-51.149154
2024-08-12,Teclado,Armazenamento,Sul,Bruno Costa,6088,12,564.4803009142745,5523.52,Caxias do Sul,-29.141998,-51.133217
2024-05-23,Webcam,Periféricos,Norte,Ana Silva,3547,27,1314.8779723791306,2232.12,Manaus,-3.160503,-59.988088
2024-03-16,Mouse,Periféricos,Leste,Ana Silva,8415,9,3579.436850416948,4835.56,Desconhecida,,
2025-07-09,Headphone,Armazenamento,Sul,Carla Dias,1509,25,4090.4616523895943,-2581.46,Florianópolis,-27.552614,-48.501977
2025-02-08,Mouse,Armazenamento,Norte,Carla Dias,9433,10,3096.610167101446,6336.389999999999,Macapá,-0.002312,-51.0845
2023-09-20,Memória RAM,Informática,Oeste,Carla Dias,5003,3,3564.5922349756497,1438.41,Desconhecida,,
2024-09-28,Teclado,Informática,Sul,Carla Dias,2091,3,3804.260880105508,-1713.2600000000002,Londrina,-23.352171,-51.204248
2024-04-03,SSD,Periféricos,Sul,Eva Santos,3298,20,6173.938359880683,-2875.94,Florianópolis,-27.589167,-48.532691
2025-09-25,Webcam,Armazenamento,Leste,Eva Santos,8083,28,913.5158327750069,7169.48,Desconhecida,,
2024-11-30,Teclado,Informática,Sul,Ana Silva,9586,23,6170.087699902416,3415.91,Londrina,-23.327151,-51.218042
2023-10-29,Headset,Periféricos,Sul,Bruno Costa,1435,16,5533.928234176386,-4098.93,Joinville,-26.333837,-48.867461
2024-07-07,Webcam,Armazenamento,Oeste,Bruno Costa,6624,3,5953.95361105244,670.0500000000002,Desconhecida,,
2023-10-15,Teclado,Periféricos,Norte,Diego Lima,11378,10,5896.989616132557,5481.01,Manaus,-3.10239,-60.008741
2024-09-12,Headphone,Informática,Norte,Eva Santos,920,24,3807.087181150127,-2887.09,Belém,-1.412232,-48.460383
2025-10-02,Webcam,Informática,Leste,Carla Dias,1993,11,1754.2894617223285,238.71000000000004,Desconhecida,,
2023-02-05,Webcam,Armazenamento,Oeste,Carla Dias,223,8,4330.100922070287,-4107.1,Desconhecida,,
2025-01-13,Mouse,Periféricos,Norte,Diego Lima,1810,6,7667.217864584069,-5857.22,Rio Branco,-9.986374,-67.832119
2023-12-19,Headphone,Armazenamento,Oeste,Bruno Costa,4499,20,4741.12339663544,-242.1199999999999,Desconhecida,,
2023-03-14,Headset,Informática,Norte,Carla Dias,7252,11,167.49339008519866,7084.51,Macapá,0.068994,-51.042548
2024-10-09,SSD,Informática,Oeste,Bruno Costa,8150,28,552.9103666210138,7597.09,Desconhecida,,
2025-12-29,Memória RAM,Periféricos,Leste,Diego Lima,9161,27,7943.478394140135,1217.5200000000004,Desconhecida,,
2024-02-29,Teclado,Periféricos,Sul,Bruno Costa,3968,21,649.8151651763677,3318.18,Florianópolis,-27.618326,-48.565216
2025-09-25,Mouse,Periféricos,Leste,Bruno Costa,481,12,444.6776675555966,36.31999999999999,Desconhecida,,
2024-12-08,Teclado,Armazenamento,Norte,Bruno Costa,1571,16,2875.9522133205505,-1304.9499999999998,Macapá,0.032491,-51.057308
2024-07-14,Headset,Periféricos,Leste,Carla Dias,7662,18,7756.992249893146,-94.98999999999978,Desconhecida,,
2025-04-07,Headset,Periféricos,Sul,Ana Silva,11997,13,2603.9072175642964,9393.09,Florianópolis,-27.601415,-48.529441
2025-08-13,Webcam,Informática,Leste,Eva Santos,7040,22,3326.282316532144,3713.72,Desconhecida,,
2024-05-31,Memória RAM,Informática,Norte,Bruno Costa,5081,3,5101.890324771839,-20.890000000000327,Porto Velho,-8.782902,-63.882144
2024-03-03,Headset,Periféricos,Norte,Bruno Costa,10033,15,270.9657674650707,9762.03,Palmas,-10.233837,-48.313487
2023-06-09,Teclado,Periféricos,Leste,Bruno Costa,6175,22,7190.287533951969,-1015.29,Desconhecida,,
2023-05-29,Headphone,Informática,Sul,Ana Silva,4558,28,4193.988699031102,364.0100000000002,Londrina,-23.281268,-51.149055
2025-02-14,Headphone,Periféricos,Leste,Diego Lima,5263,21,3777.142375552139,1485.86,Desconhecida,,
2023-03-08,Webcam,Armazenamento,Sul,Carla Dias,8569,14,6896.955164676513,1672.04,Caxias do Sul,-29.19003,-51.192726
2025-10-10,SSD,Armazenamento,Oeste,Ana Silva,3031,18,7628.366587715528,-4597.37,Desconhecida,,
2024-01-16,Teclado,Armazenamento,Sul,Bruno Costa,3015,28,3433.527834642932,-418.5300000000002,Joinville,-26.332511,-48.818271
2023-02-27,Teclado,Periféricos,Oeste,Ana Silva,2725,29,1445.7333480023872,1279.27,Desconhecida,,
2023-12-08,Headset,Informática,Leste,Ana Silva,6335,14,6540.417418416418,-205.42000000000007,Desconhecida,,
2024-12-27,Memória RAM,Periféricos,Sul,Ana Silva,8806,5,3273.8225360820984,5532.18,Maringá,-23.402909,-51.948929
2025-02-08,Teclado,Periféricos,Oeste,Diego Lima,5891,21,7489.520672933188,-1598.5200000000004,Desconhecida,,
2024-09-05,Mouse,Informática,Oeste,Eva Santos,427,14,7603.199951941385,-7176.2,Desconhecida,,
2023-12-20,SSD,Informática,Oeste,Carla Dias,215,25,989.4459312332464,-774.45,Desconhecida,,
2023-04-26,Headset,Informática,Norte,Diego Lima,4412,27,7655.907421276182,-3243.91,Manaus,-3.131937,-60.051331
2024-10-23,Mouse,Armazenamento,Leste,Diego Lima,5854,8,2996.7009775253578,2857.3,Desconhecida,,
2024-03-28,Webcam,Periféricos,Oeste,Eva Santos,8744,28,5198.319939844949,3545.6800000000003,Desconhecida,,
2023-10-14,Headphone,Informática,Sul,Diego Lima,8139,28,355.2206473336446,7783.78,Porto Alegre,-29.989307,-51.265702
2025-10-13,Webcam,Periféricos,Oeste,Ana Silva,6405,23,7119.963450743954,-714.96,Desconhecida,,
2023-11-07,Headphone,Armazenamento,Norte,Ana Silva,7591,15,5161.45084841133,2429.55,Manaus,-3.07754,-60.000411
2023-07-27,Webcam,Armazenamento,Leste,Bruno Costa,11820,28,5176.95137829484,6643.05,Desconhecida,,
2024-09-09,Teclado,Informática,Norte,Diego Lima,11786,29,7225.235187021672,4560.76,Belém,-1.407111,-48.455261
2024-03-21,Mouse,Informática,Norte,Bruno Costa,4842,15,4106.109625266157,735.8900000000003,Manaus,-3.076107,-60.046223
2024-10-31,Headphone,Periféricos,Norte,Carla Dias,4569,19,3331.2917916714,1237.71,Macapá,0.051232,-51.067814
2024-09-24,Headset,Informática,Sul,Ana Silva,8110,26,6939.739718155144,1170.2600000000002,Porto Alegre,-30.032283,-51.175238
2023-02-24,Mouse,Periféricos,Leste,Carla Dias,6228,20,5959.970454021474,268.02999999999975,Desconhecida,,
2025-06-30,Headset,Informática,Leste,Eva Santos,11381,6,7595.887266522016,3785.11,Desconhecida,,
2025-11-01,Mouse,Periféricos,Sul,Ana Silva,1587,19,7525.765395019418,-5938.77,Caxias do Sul,-29.203465,-51.148371
2024-10-18,Mouse,Periféricos,Leste,Carla Dias,8770,27,3108.0232233171027,5661.98,Desconhecida,,
2025-09-06,Webcam,Periféricos,Norte,Eva Santos,11024,25,3620.131417920029,7403.87,Belém,-1.468363,-48.473351
2024-05-29,Headphone,Periféricos,Leste,Carla Dias,11119,8,2107.4008340229657,9011.6,Desconhecida,,
2023-08-25,Headphone,Armazenamento,Sul,Eva Santos,7182,6,5312.331281977456,1869.67,Caxias do Sul,-29.135811,-51.178269
2023-12-14,Memória RAM,Periféricos,Norte,Eva Santos,5881,20,2967.1724031039817,2913.83,Macapá,0.032353,-51.032857
2024-09-18,Mouse,Informática,Sul,Ana Silva,3528,23,6305.917121132755,-2777.92,Florianópolis,-27.605809,-48.567509
2024-09-21,Teclado,Armazenamento,Oeste,Bruno Costa,8734,29,1042.6820249888117,7691.32,Desconhecida,,
2023-12-30,Teclado,Armazenamento,Norte,Eva Santos,6497,15,1001.9105812327076,5495.09,Porto Velho,-8.745154,-63.90735
2023-11-17,Headset,Periféricos,Norte,Eva Santos,6551,27,1699.2866208416235,4851.71,Macapá,0.071584,-51.0848
2023-10-13,Headset,Armazenamento,Leste,Ana Silva,6779,3,747.5941324243148,6031.41,Desconhecida,,
2023-05-29,Webcam,Periféricos,Norte,Bruno Costa,4691,10,4990.650332811619,-299.64999999999964,Belém,-1.449794,-48.486538
2024-02-10,Mouse,Informática,Sul,Diego Lima,8026,15,1247.03390685257,6778.97,Londrina,-23.340615,-51.128606
2025-09-04,Headset,Periféricos,Leste,Diego Lima,8683,24,1346.9063063438216,7336.09,Desconhecida,,
2024-03-31,Headset,Armazenamento,Oeste,Bruno Costa,8474,16,192.68753193499464,8281.31,Desconhecida,,
2025-03-10,SSD,Informática,Sul,Carla Dias,414,17,6274.15291581899,-5860.15,Maringá,-23.420791,-51.956945
2025-10-09,Mouse,Periféricos,Oeste,Ana Silva,10027,19,6513.38475895397,3513.62,Desconhecida,,
2025-02-22,Webcam,Informática,Oeste,Bruno Costa,1584,11,1363.2175376063624,220.78,Desconhecida,,
2024-04-04,Headset,Informática,Oeste,Diego Lima,5477,16,5937.033519396417,-460.02999999999975,Desconhecida,,
2025-01-07,Webcam,Armazenamento,Norte,Eva Santos,5247,5,3513.677375406288,1733.3200000000002,Rio Branco,-9.96457,-67.857119
2024-05-23,Headphone,Informática,Sul,Diego Lima,1810,5,1977.5914730858997,-167.58999999999992,Porto Alegre,-29.996428,-51.246724
2024-04-25,Webcam,Armazenamento,Sul,Eva Santos,5842,26,5001.366095944725,840.6300000000001,Londrina,-23.266925,-51.190067
2023-04-24,Teclado,Informática,Norte,Ana Silva,2504,14,1493.5938688289116,1010.41,Manaus,-3.126458,-59.975797
2025-01-18,Teclado,Periféricos,Leste,Eva Santos,8607,18,6074.518172612041,2532.48,Desconhecida,,
2023-12-27,Webcam,Informática,Oeste,Bruno Costa,6611,26,457.11260235876944,6153.89,Desconhecida,,
2023-12-07,Teclado,Periféricos,Sul,Eva Santos,9478,8,7676.316988789082,1801.6800000000003,Porto Alegre,-29.989908,-51.2571
2025-02-08,Headphone,Periféricos,Norte,Carla Dias,7194,5,649.2520093723058,6544.75,Palmas,-10.259503,-48.342746
2025-01-30,Mouse,Informática,Oeste,Bruno Costa,5647,7,4669.231480449623,977.7700000000004,Desconhecida,,
2025-08-26,Teclado,Periféricos,Leste,Ana Silva,4699,16,7225.378777769238,-2526.38,Desconhecida,,
2024-03-24,Teclado,Informática,Leste,Bruno Costa,6484,23,174.28339327497474,6309.72,Desconhecida,,
2025-04-14,Webcam,Informática,Oeste,Carla Dias,6160,14,4028.234531033332,2131.77,Desconhecida,,
2023-11-07,Headphone,Periféricos,Leste,Ana Silva,5076,5,2852.0551573405846,2223.94,Desconhecida,,
2023-09-19,Memória RAM,Periféricos,Sul,Diego Lima,9732,24,4676.23094684264,5055.77,Caxias do Sul,-29.165611,-51.209702
2024-02-10,Memória RAM,Armazenamento,Sul,Carla Dias,9454,9,1865.622502962257,7588.38,Porto Alegre,-30.076964,-51.247469
2023-05-23,Memória RAM,Periféricos,Sul,Ana Silva,10576,4,594.0018004752601,9982.0,Blumenau,-26.95546,-49.066752
2023-12-08,Memória RAM,Armazenamento,Leste,Eva Santos,11208,4,5037.389651841759,6170.61,Desconhecida,,
2023-09-01,Mouse,Periféricos,Sul,Bruno Costa,6215,16,3381.4459767877474,2833.55,Curitiba,-25.434298,-49.265175
2024-05-04,Webcam,Informática,Norte,Ana Silva,11410,24,5010.085466553339,6399.91,Belém,-1.468592,-48.533017
2023-01-12,Webcam,Periféricos,Sul,Bruno Costa,2329,17,1747.4700429557158,581.53,Porto Alegre,-30.062587,-51.221025
2024-07-14,SSD,Informática,Sul,Eva Santos,5117,15,2762.830802591576,2354.17,Curitiba,-25.378773,-49.225338
2023-02-11,Headphone,Informática,Leste,Ana Silva,784,4,4528.516603767714,-3744.52,Desconhecida,,
2024-11-08,Memória RAM,Informática,Sul,Diego Lima,3781,6,4777.45320433184,-996.4499999999998,Blumenau,-26.937043,-49.092329
2024-08-16,Mouse,Armazenamento,Oeste,Carla Dias,9741,16,3028.73327757218,6712.27,Desconhecida,,
2023-05-14,Headphone,Periféricos,Norte,Ana Silva,11081,29,2298.021388483127,8782.98,Rio Branco,-9.991434,-67.856865
2025-12-26,Memória RAM,Informática,Leste,Eva Santos,11512,4,2247.7089855496797,9264.29,Desconhecida,,
2025-10-27,Mouse,Informática,Norte,Ana Silva,10207,6,1463.6188632535157,8743.380000000001,Macapá,0.070087,-51.095302
2025-08-05,Headphone,Armazenamento,Oeste,Bruno Costa,10297,5,2657.2073016503305,7639.79,Desconhecida,,
2023-03-14,Webcam,Periféricos,Leste,Ana Silva,4827,16,1659.567469144702,3167.4300000000003,Desconhecida,,
2024-02-03,Webcam,Periféricos,Leste,Diego Lima,2368,25,5099.818017341163,-2731.82,Desconhecida,,
2024-07-31,Headset,Armazenamento,Sul,Ana Silva,1539,16,4587.01062607735,-3048.01,Florianópolis,-27.628163,-48.505023
2025-05-08,Teclado,Armazenamento,Norte,Carla Dias,11472,10,3110.103483473687,8361.9,Belém,-1.5015,-48.483685
2023-05-10,Memória RAM,Periféricos,Oeste,Ana Silva,4426,9,2660.5737579041643,1765.4299999999998,Desconhecida,,
2025-07-19,SSD,Armazenamento,Oeste,Bruno Costa,1399,4,1961.9044655415687,-562.9000000000001,Desconhecida,,
2023-09-23,Headphone,Periféricos,Leste,Ana Silva,7790,29,4320.829806957982,3469.17,Desconhecida,,
2025-03-03,SSD,Periféricos,Sul,Diego Lima,11508,14,7357.709893617851,4150.29,Blumenau,-26.937912,-49.025863
2023-09-10,Headset,Informática,Leste,Eva Santos,5862,4,5510.768167000382,351.2299999999996,Desconhecida,,
2025-04-01,Teclado,Informática,Leste,Ana Silva,1395,12,5975.764535161694,-4580.76,Desconhecida,,
2023-06-13,Headphone,Periféricos,Leste,Ana Silva,8395,24,6688.27268015875,1706.7299999999996,Desconhecida,,
2023-04-05,Mouse,Periféricos,Leste,Carla Dias,11252,10,2864.948988835762,8387.05,Desconhecida,,
2025-04-12,Memória RAM,Periféricos,Oeste,Diego Lima,10738,4,577.976194346742,10160.02,Desconhecida,,
2023-12-02,Teclado,Periféricos,Oeste,Eva Santos,592,18,5010.665722307423,-4418.67,Desconhecida,,
2025-04-01,Webcam,Periféricos,Leste,Bruno Costa,7126,13,1574.2845465260184,5551.72,Desconhecida,,
2023-08-26,Headset,Periféricos,Leste,Ana Silva,4825,13,4586.825707965677,238.17000000000007,Desconhecida,,
2024-01-16,Teclado,Armazenamento,Sul,Eva Santos,11953,14,5936.921046603953,6016.08,Porto Alegre,-30.040361,-51.19235
2025-06-17,Memória RAM,Periféricos,Leste,Bruno Costa,8103,18,6286.415353010866,1816.58,Desconhecida,,
2024-04-27,Teclado,Armazenamento,Oeste,Diego Lima,4527,1,2470.5658323603225,2056.43,Desconhecida,,
2025-06-20,Memória RAM,Armazenamento,Norte,Diego Lima,10749,21,4138.471201948976,6610.53,Boa Vista,2.800008,-60.689128
2025-11-14,Webcam,Periféricos,Oeste,Eva Santos,7208,16,4998.043562515363,2209.96,Desconhecida,,
2024-04-26,Headphone,Periféricos,Sul,Bruno Costa,972,15,6570.287315868925,-5598.29,Porto Alegre,-30.017696,-51.212983
2025-07-05,Mouse,Armazenamento,Oeste,Diego Lima,3089,22,6110.198227631184,-3021.2,Desconhecida,,
2025-09-20,Webcam,Armazenamento,Norte,Eva Santos,7246,25,7904.764542140772,-658.7600000000002,Porto Velho,-8.781896,-63.855058
2025-08-21,Mouse,Periféricos,Leste,Diego Lima,5915,5,144.03063811768618,5770.97,Desconhecida,,
2024-06-20,Headphone,Periféricos,Norte,Diego Lima,1181,29,3544.916371636013,-2363.92,Rio Branco,-9.928718,-67.804534
2025-11-01,Teclado,Armazenamento,Leste,Diego Lima,10358,6,2107.872332098933,8250.130000000001,Desconhecida,,
2023-05-08,Mouse,Armazenamento,Leste,Carla Dias,712,6,1029.5556261873974,-317.55999999999995,Desconhecida,,
2023-04-02,Headset,Armazenamento,Oeste,Bruno Costa,10880,3,7299.201399084102,3580.8,Desconhecida,,
2024-06-26,Headset,Informática,Oeste,Eva Santos,490,16,7983.859563477835,-7493.86,Desconhecida,,
2025-04-25,Memória RAM,Armazenamento,Oeste,Eva Santos,4717,12,1510.3219666054113,3206.6800000000003,Desconhecida,,
2025-09-15,Webcam,Informática,Sul,Bruno Costa,8012,4,384.3924709867997,7627.61,Caxias do Sul,-29.200318,-51.226493
2024-03-22,Headphone,Periféricos,Oeste,Bruno Costa,2446,1,2258.431225629563,187.57000000000016,Desconhecida,,
2024-01-25,Memória RAM,Periféricos,Sul,Bruno Costa,384,4,6692.106391085854,-6308.11,Joinville,-26.297102,-48.883076
2024-11-02,Webcam,Armazenamento,Oeste,Bruno Costa,5352,1,2407.609458938589,2944.39,Desconhecida,,
2023-02-12,Webcam,Periféricos,Leste,Ana Silva,9458,21,530.6597255411627,8927.34,Desconhecida,,
2023-09-11,Memória RAM,Periféricos,Sul,Eva Santos,10250,27,495.7380969079968,9754.26,Curitiba,-25.424386,-49.230978
2025-12-19,SSD,Periféricos,Norte,Ana Silva,9759,27,3465.1885947659366,6293.81,Porto Velho,-8.757272,-63.888698
2024-10-24,Webcam,Periféricos,Sul,Diego Lima,1441,8,7460.059726648028,-6019.06,Porto Alegre,-30.066787,-51.257605
2024-04-11,SSD,Informática,Sul,Diego Lima,11830,24,2344.4898977858848,9485.51,Curitiba,-25.401919,-49.239708
2023-10-14,Headset,Informática,Norte,Eva Santos,4877,5,3463.0888311522667,1413.91,Macapá,0.006827,-51.087079
2025-10-07,Headset,Armazenamento,Sul,Diego Lima,11996,26,887.3157386302597,11108.68,Porto Alegre,-30.025492,-51.20552
2025-02-16,Webcam,Armazenamento,Leste,Bruno Costa,8870,2,3989.09652269033,4880.9,Desconhecida,,
2023-12-11,Headset,Armazenamento,Oeste,Ana Silva,11666,12,5596.652749142776,6069.35,Desconhecida,,
2024-10-03,Headphone,Periféricos,Norte,Bruno Costa,10322,22,2227.510860523579,8094.49,Macapá,0.015484,-51.028658
2024-01-17,SSD,Periféricos,Oeste,Diego Lima,3089,17,2429.9535635471834,659.0500000000002,Desconhecida,,
2024-11-20,SSD,Informática,Leste,Ana Silva,5585,7,6748.442201217668,-1163.4399999999996,Desconhecida,,
2025-12-15,Webcam,Informática,Norte,Bruno Costa,7131,11,162.0806809896425,6968.92,Macapá,0.036758,-51.087238
2024-04-01,Headset,Armazenamento,Oeste,Eva Santos,5542,4,5120.848011716768,421.1499999999997,Desconhecida,,
2025-09-09,Mouse,Informática,Oeste,Bruno Costa,9671,5,3199.5663087376065,6471.43,Desconhecida,,
2023-03-24,Memória RAM,Informática,Leste,Diego Lima,8122,6,2443.1736674068343,5678.83,Desconhecida,,
2023-05-29,Memória RAM,Informática,Oeste,Ana Silva,1383,11,5288.143151371507,-3905.14,Desconhecida,,
2023-07-09,SSD,Informática,Leste,Eva Santos,10095,1,6690.574692574465,3404.4300000000003,Desconhecida,,
2025-06-01,Webcam,Informática,Sul,Ana Silva,2950,25,4502.465561323095,-1552.4700000000005,Caxias do Sul,-29.129096,-51.190875
2023-09-20,Webcam,Armazenamento,Leste,Eva Santos,11275,10,326.2694057890036,10948.73,Desconhecida,,
2024-02-04,Headphone,Armazenamento,Sul,Ana Silva,11101,20,3734.2974313385625,7366.7,Maringá,-23.418623,-51.935373
2025-02-02,Teclado,Informática,Norte,Diego Lima,2925,24,3745.058731880267,-820.06,Macapá,0.075762,-51.046286
2024-08-31,Teclado,Armazenamento,Oeste,Eva Santos,6194,21,4386.884078852494,1807.12,Desconhecida,,
2025-02-23,SSD,Periféricos,Leste,Carla Dias,3637,11,5393.994496264934,-1756.9899999999998,Desconhecida,,
2023-04-11,Memória RAM,Informática,Leste,Ana Silva,7533,24,233.00175599197632,7300.0,Desconhecida,,
2025-03-30,Headphone,Periféricos,Oeste,Ana Silva,4000,17,4055.939985246024,-55.940000000000055,Desconhecida,,
2025-03-30,Headphone,Armazenamento,Oeste,Bruno Costa,10869,8,4739.397533494279,6129.6,Desconhecida,,
2024-02-24,Headphone,Armazenamento,Norte,Eva Santos,5147,27,2799.3588204151315,2347.64,Rio Branco,-9.972503,-67.871552
2023-05-04,SSD,Periféricos,Norte,Carla Dias,1040,13,5373.45259459623,-4333.45,Manaus,-3.121558,-60.046179
2024-02-26,Teclado,Armazenamento,Leste,Diego Lima,6070,27,1887.1675196630356,4182.83,Desconhecida,,
2025-12-22,Memória RAM,Informática,Norte,Bruno Costa,10407,20,2593.5888778942167,7813.41,Porto Velho,-8.767691,-63.908832
2025-02-06,Headphone,Periféricos,Sul,Carla Dias,1338,18,7705.022351600662,-6367.02,Blumenau,-26.915617,-49.072297
2024-04-27,Memória RAM,Informática,Norte,Eva Santos,5794,27,2836.7173372202296,2957.28,Belém,-1.458402,-48.482113
2024-06-02,Headset,Periféricos,Norte,Carla Dias,890,22,2824.2870279367007,-1934.29,Manaus,-3.07823,-60.064591
2023-06-04,Webcam,Armazenamento,Leste,Ana Silva,1519,16,4797.790635719073,-3278.79,Desconhecida,,
2023-04-02,Webcam,Periféricos,Sul,Ana Silva,9731,2,7770.124612491677,1960.88,Curitiba,-25.426022,-49.295277
2025-09-08,Memória RAM,Periféricos,Norte,Bruno Costa,2150,5,7865.997131947763,-5716.0,Macapá,0.024536,-51.055524
2024-03-30,Mouse,Informática,Sul,Eva Santos,1621,18,4670.891072316424,-3049.8900000000003,Maringá,-23.445612,-51.981359
2024-08-20,Mouse,Armazenamento,Sul,Eva Santos,1686,3,88.60919685506565,1597.39,Blumenau,-26.915751,-49.070145
2024-05-24,SSD,Informática,Sul,Carla Dias,468,27,7213.199882085725,-6745.2,Joinville,-26.258299,-48.828016
2024-01-21,SSD,Armazenamento,Oeste,Bruno Costa,10606,22,4596.284679450221,6009.72,Desconhecida,,
2024-02-09,Webcam,Informática,Oeste,Eva Santos,5303,17,2978.691553656292,2324.31,Desconhecida,,
2023-09-03,Headset,Periféricos,Oeste,Ana Silva,2044,16,6647.225516846232,-4603.23,Desconhecida,,
2025-01-11,Teclado,Informática,Oeste,Carla Dias,11164,6,3246.673078053624,7917.33,Desconhecida,,
2024-10-22,Teclado,Armazenamento,Leste,Diego Lima,8141,19,349.63248910609616,7791.37,Desconhecida,,
2024-10-11,SSD,Armazenamento,Norte,Ana Silva,9617,7,6582.892006611589,3034.11,Palmas,-10.250668,-48.28242
2025-06-19,Headset,Periféricos,Oeste,Bruno Costa,11425,18,4403.2064560765175,7021.79,Desconhecida,,
2023-03-06,SSD,Armazenamento,Leste,Eva Santos,8742,14,2758.096822735634,5983.9,Desconhecida,,
2025-11-02,Teclado,Informática,Norte,Ana Silva,6085,6,2067.067620722501,4017.93,Boa Vista,2.822824,-60.717723
2023-08-01,Memória RAM,Periféricos,Oeste,Diego Lima,873,8,4782.875878570171,-3909.88,Desconhecida,,
2023-08-30,SSD,Armazenamento,Norte,Diego Lima,2479,15,1727.752421942793,751.25,Boa Vista,2.80148,-60.673886
2024-05-07,Headphone,Armazenamento,Oeste,Bruno Costa,9477,15,2644.8990215314657,6832.1,Desconhecida,,
2023-12-04,Memória RAM,Informática,Leste,Ana Silva,2920,15,5121.32005055875,-2201.32,Desconhecida,,
2023-06-22,SSD,Informática,Sul,Carla Dias,7695,16,7061.832047214982,633.1700000000001,Maringá,-23.449995,-51.902677
2024-11-02,Webcam,Periféricos,Sul,Ana Silva,4996,1,4300.491400861462,695.5100000000002,Maringá,-23.409057,-51.908682
2023-06-13,SSD,Armazenamento,Norte,Diego Lima,417,11,6092.122674528813,-5675.12,Manaus,-3.093892,-60.052694
2024-04-09,Webcam,Informática,Leste,Bruno Costa,719,27,6123.439981803292,-5404.44,Desconhecida,,
2025-09-21,Headset,Periféricos,Sul,Bruno Costa,10898,29,5341.683305062344,5556.32,Londrina,-23.284573,-51.183931
2024-05-11,Teclado,Armazenamento,Oeste,Carla Dias,2123,25,2027.0396344297,95.96000000000004,Desconhecida,,
2024-11-30,Memória RAM,Armazenamento,Sul,Bruno Costa,8887,5,6944.965697349916,1942.03,Porto Alegre,-30.027845,-51.249148
2024-01-30,Memória RAM,Periféricos,Norte,Bruno Costa,2972,5,3535.3031926653666,-563.3000000000002,Manaus,-3.161883,-59.974111
2024-12-03,Mouse,Periféricos,Norte,Bruno Costa,4610,29,430.1490919707485,4179.85,Boa Vista,2.841953,-60.707627
2023-11-04,Mouse,Informática,Leste,Bruno Costa,420,28,2017.332346950639,-1597.33,Desconhecida,,
2023-07-02,Teclado,Armazenamento,Norte,Bruno Costa,7791,21,6143.14296446658,1647.8599999999997,Macapá,0.006741,-51.032125
2024-09-20,Mouse,Armazenamento,Sul,Diego Lima,9080,6,627.5360196745158,8452.46,Porto Alegre,-30.02428,-51.250054
2024-05-24,Memória RAM,Armazenamento,Sul,Ana Silva,6830,2,1247.126065066897,5582.87,Blumenau,-26.943822,-49.01848
2024-06-29,SSD,Periféricos,Sul,Eva Santos,1407,6,5578.276383050299,-4171.28,Caxias do Sul,-29.214524,-51.156168
2024-09-15,Headset,Informática,Sul,Bruno Costa,8400,14,7149.398254642121,1250.6000000000004,Joinville,-26.347784,-48.881513
2024-08-16,Headset,Armazenamento,Leste,Eva Santos,5520,11,5099.157480056484,420.84000000000015,Desconhecida,,
2025-01-13,Teclado,Periféricos,Oeste,Eva Santos,5008,4,1840.5451463300724,3167.45,Desconhecida,,
2024-07-07,Mouse,Armazenamento,Oeste,Diego Lima,8731,24,503.037004936425,8227.96,Desconhecida,,
2023-01-21,SSD,Informática,Leste,Bruno Costa,9060,29,4951.802533798469,4108.2,Desconhecida,,
2024-07-07,Headset,Armazenamento,Norte,Eva Santos,7149,27,455.3967372148187,6693.6,Rio Branco,-9.953599,-67.848566
2024-02-01,Headset,Informática,Oeste,Bruno Costa,270,25,4932.758651378716,-4662.76,Desconhecida,,
2024-09-16,Headphone,Informática,Norte,Carla Dias,7058,9,1866.5931577558729,5191.41,Palmas,-10.21908,-48.340274
2023-04-15,Headphone,Armazenamento,Oeste,Carla Dias,10994,24,7244.876014277931,3749.12,Desconhecida,,
2023-07-11,Memória RAM,Armazenamento,Norte,Carla Dias,2453,3,3842.733934419906,-1389.73,Belém,-1.452724,-48.455582
2023-01-17,Headset,Informática,Leste,Eva Santos,5011,26,1853.5923918127896,3157.41,Desconhecida,,
2024-01-28,Teclado,Periféricos,Sul,Carla Dias,3061,16,6836.910907144045,-3775.91,Caxias do Sul,-29.122181,-51.201499
2024-02-29,Webcam,Informática,Norte,Diego Lima,9141,11,2091.960355704266,7049.04,Macapá,0.080817,-51.030632
2023-05-09,Webcam,Armazenamento,Sul,Diego Lima,11722,27,2508.264686077014,9213.74,Joinville,-26.272805,-48.830113
2024-07-25,SSD,Armazenamento,Norte,Eva Santos,10448,4,6687.4809605192095,3760.52,Belém,-1.454618,-48.497908
2023-01-29,Headset,Periféricos,Norte,Bruno Costa,7386,1,2525.63287602072,4860.37,Macapá,0.064208,-51.043706
2025-10-30,Headset,Informática,Norte,Ana Silva,5715,25,3328.497052306648,2386.5,Rio Branco,-9.925574,-67.827049
2023-08-30,Memória RAM,Informática,Norte,Bruno Costa,6681,21,2833.5121124102234,3847.49,Manaus,-3.082752,-60.05054
2023-08-20,Headset,Informática,Norte,Bruno Costa,1259,22,1001.8905172165768,257.11,Rio Branco,-10.021193,-67.834425
2025-02-27,Teclado,Armazenamento,Sul,Bruno Costa,7079,16,388.0548329948631,6690.95,Blumenau,-26.94049,-49.046099
2024-12-15,Headphone,Informática,Norte,Bruno Costa,1400,19,5818.362138562972,-4418.36,Rio Branco,-10.024665,-67.839364
2025-01-28,Headset,Periféricos,Sul,Ana Silva,10982,16,5189.486021570908,5792.51,Porto Alegre,-30.071624,-51.178039
2025-03-12,Headset,Armazenamento,Leste,Carla Dias,8327,11,2316.339255012293,6010.66,Desconhecida,,
2025-02-14,Memória RAM,Armazenamento,Oeste,Bruno Costa,1799,26,2421.1450698802378,-622.1500000000001,Desconhecida,,
2024-12-26,Mouse,Informática,Norte,Diego Lima,7501,8,7564.445801428756,-63.44999999999982,Boa Vista,2.833975,-60.717366
2023-07-19,Memória RAM,Periféricos,Oeste,Eva Santos,6061,23,7902.355327689258,-1841.36,Desconhecida,,
2025-08-02,Memória RAM,Armazenamento,Sul,Eva Santos,9687,1,3829.604433610853,5857.4,Maringá,-23.389542,-51.943004
2023-03-20,Teclado,Armazenamento,Leste,Diego Lima,3106,26,6435.41782421343,-3329.42,Desconhecida,,
2025-08-13,SSD,Informática,Leste,Bruno Costa,10788,28,5914.552136885374,4873.45,Desconhecida,,
2025-05-05,Headset,Informática,Leste,Ana Silva,5978,21,2434.756259335412,3543.24,Desconhecida,,
2024-04-11,Memória RAM,Periféricos,Oeste,Carla Dias,5144,26,543.8166673221886,4600.18,Desconhecida,,
2024-08-03,Memória RAM,Informática,Sul,Eva Santos,11706,9,1209.045556508725,10496.95,Caxias do Sul,-29.216578,-51.216837
2025-07-28,Mouse,Periféricos,Norte,Carla Dias,6586,28,6719.289406646046,-133.28999999999996,Porto Velho,-8.776774,-63.856402
2024-03-24,Memória RAM,Armazenamento,Norte,Ana Silva,8826,27,5871.213454370546,2954.79,Macapá,0.047645,-51.067364
2023-03-28,Webcam,Periféricos,Sul,Eva Santos,7764,12,5341.531968141241,2422.4700000000003,Blumenau,-26.943541,-49.034126
2023-04-11,SSD,Periféricos,Oeste,Carla Dias,9144,22,1114.7387470374547,8029.26,Desconhecida,,
2025-10-28,Headset,Periféricos,Norte,Ana Silva,1865,8,5148.251044608156,-3283.25,Rio Branco,-9.931924,-67.796114
2025-04-24,Headset,Armazenamento,Sul,Carla Dias,8300,26,6195.446465425474,2104.55,Curitiba,-25.438705,-49.240876
2023-03-28,Mouse,Informática,Norte,Bruno Costa,10257,17,6895.965858893502,3361.03,Rio Branco,-9.970317,-67.813046
2023-02-12,Teclado,Armazenamento,Leste,Ana Silva,3633,10,184.79173121345627,3448.21,Desconhecida,,
2024-02-12,Headset,Informática,Norte,Carla Dias,7825,27,5501.042806877544,2323.96,Palmas,-10.29322,-48.300155
2024-10-25,Webcam,Periféricos,Oeste,Bruno Costa,1907,7,231.25343237737903,1675.75,Desconhecida,,
2025-11-06,Headset,Periféricos,Sul,Bruno Costa,1959,19,5678.432936704034,-3719.43,Caxias do Sul,-29.207623,-51.135428
2023-05-28,Webcam,Periféricos,Oeste,Ana Silva,5689,25,5114.121208677479,574.8800000000001,Desconhecida,,
2023-10-04,SSD,Periféricos,Sul,Diego Lima,6198,6,1254.9150743182622,4943.08,Curitiba,-25.471369,-49.321477
2023-08-20,SSD,Periféricos,Leste,Eva Santos,11349,21,6147.684270653432,5201.32,Desconhecida,,
2024-01-01,Headphone,Informática,Sul,Ana Silva,11567,24,621.3131360623539,10945.69,Maringá,-23.38934,-51.970557
2024-03-11,Headphone,Informática,Norte,Bruno Costa,11837,24,6625.078288057497,5211.92,Manaus,-3.112145,-60.04827
2024-02-03,Webcam,Periféricos,Norte,Bruno Costa,10662,28,2154.479619197973,8507.52,Manaus,-3.095979,-59.976736
2024-05-13,Teclado,Armazenamento,Leste,Ana Silva,10012,28,5535.706749421267,4476.29,Desconhecida,,
2024-06-23,Headset,Armazenamento,Sul,Diego Lima,1301,19,7395.6195808932125,-6094.62,Londrina,-23.271268,-51.20131
2024-07-16,Memória RAM,Periféricos,Leste,Eva Santos,5642,18,2771.430035413716,2870.57,Desconhecida,,
2024-03-17,Headset,Informática,Norte,Carla Dias,6861,15,4062.92109728812,2798.08,Macapá,-0.009905,-51.030152
2025-02-11,Headphone,Armazenamento,Oeste,Ana Silva,6452,2,3747.894828887567,2704.11,Desconhecida,,
2023-12-16,Memória RAM,Armazenamento,Leste,Eva Santos,4897,14,1328.2818845779154,3568.7200000000003,Desconhecida,,
2024-06-03,Webcam,Armazenamento,Oeste,Eva Santos,10565,21,4755.271123086833,5809.73,Desconhecida,,
2023-05-18,Memória RAM,Periféricos,Oeste,Bruno Costa,11009,10,5964.575194685908,5044.42,Desconhecida,,
2025-09-18,Headset,Armazenamento,Sul,Carla Dias,8552,28,7341.648645076648,1210.3500000000004,Blumenau,-26.89493,-49.104287
2024-01-03,Headset,Armazenamento,Leste,Ana Silva,10836,16,6818.356605064141,4017.64,Desconhecida,,
2023-12-26,Teclado,Armazenamento,Oeste,Bruno Costa,4831,7,4119.353487446011,711.6499999999996,Desconhecida,,
2025-07-09,Mouse,Armazenamento,Oeste,Bruno Costa,2657,8,5774.615863734523,-3117.62,Desconhecida,,
2023-11-25,Memória RAM,Informática,Sul,Diego Lima,3113,10,6422.204633921231,-3309.2,Blumenau,-26.918196,-49.099537
2025-08-19,Headphone,Periféricos,Sul,Eva Santos,3578,15,3988.4306128077214,-410.42999999999984,Blumenau,-26.95243,-49.043741
2024-04-07,Headphone,Periféricos,Norte,Ana Silva,11717,8,994.1862807778004,10722.81,Boa Vista,2.793024,-60.636171
2025-08-03,Mouse,Informática,Oeste,Ana Silva,7644,13,3548.411649671177,4095.59,Desconhecida,,
2025-08-20,Headset,Informática,Norte,Ana Silva,4105,12,6752.426062556394,-2647.4300000000003,Rio Branco,-10.002892,-67.82774
2025-04-15,Teclado,Periféricos,Oeste,Bruno Costa,3855,8,4805.399930718381,-950.3999999999996,Desconhecida,,
2023-06-18,Teclado,Armazenamento,Norte,Diego Lima,11747,15,5817.710345913965,5929.29,Porto Velho,-8.780875,-63.934976
2023-08-05,Headphone,Armazenamento,Sul,Carla Dias,4188,26,1547.3227354484932,2640.6800000000003,Maringá,-23.4123,-51.963198
2024-01-13,Teclado,Periféricos,Leste,Bruno Costa,9394,12,7717.555124231165,1676.4399999999996,Desconhecida,,
2023-04-29,SSD,Armazenamento,Sul,Carla Dias,863,11,3280.317793587011,-2417.32,Londrina,-23.28916,-51.183666
2023-07-09,Mouse,Informática,Norte,Diego Lima,7410,19,5256.793339924413,2153.21,Macapá,0.002934,-51.043748
2025-02-05,Headset,Armazenamento,Norte,Eva Santos,11230,14,229.4682563575937,11000.53,Macapá,0.000601,-51.04157
2024-01-05,SSD,Armazenamento,Leste,Ana Silva,7161,27,1088.3685570619073,6072.63,Desconhecida,,
2023-05-29,Mouse,Armazenamento,Oeste,Carla Dias,9029,18,6273.711417488558,2755.29,Desconhecida,,
2024-10-13,Webcam,Periféricos,Norte,Bruno Costa,8671,13,7746.318008520417,924.6800000000004,Rio Branco,-9.965846,-67.782978
2025-02-08,Memória RAM,Informática,Norte,Carla Dias,1896,4,2614.8384120393875,-718.8400000000001,Macapá,0.022461,-51.031898
2024-01-09,Headphone,Armazenamento,Norte,Eva Santos,1357,17,374.4714207348175,982.53,Rio Branco,-9.988272,-67.869672
2025-02-19,Teclado,Periféricos,Leste,Ana Silva,10484,19,2938.0634876826894,7545.94,Desconhecida,,
2023-06-09,Webcam,Armazenamento,Sul,Carla Dias,934,27,218.3475918097008,715.65,Porto Alegre,-30.058898,-51.190177
2023-12-17,Teclado,Informática,Norte,Eva Santos,2846,9,1603.5948907187556,1242.41,Palmas,-10.297703,-48.374076
2025-06-10,SSD,Armazenamento,Leste,Bruno Costa,7223,23,6039.578359225608,1183.42,Desconhecida,,
2024-06-06,Headset,Informática,Norte,Diego Lima,5186,7,7501.74011300345,-2315.74,Macapá,0.002931,-51.058041
2024-06-05,Headset,Armazenamento,Oeste,Bruno Costa,7277,1,772.5967482015823,6504.4,Desconhecida,,
2025-02-21,Headset,Informática,Leste,Ana Silva,3868,7,4498.574168179233,-630.5699999999997,Desconhecida,,
2023-09-30,Teclado,Armazenamento,Norte,Bruno Costa,5925,26,2090.736301302333,3834.26,Macapá,0.008586,-51.116417
2025-07-24,Webcam,Informática,Leste,Bruno Costa,8060,7,1181.348276287922,6878.65,Desconhecida,,
2023-07-02,Headset,Armazenamento,Norte,Bruno Costa,2843,20,1814.323420741136,1028.68,Manaus,-3.085864,-60.0345
2024-05-02,Webcam,Armazenamento,Sul,Bruno Costa,775,7,4655.883494581843,-3880.88,Londrina,-23.297764,-51.136726
2025-04-25,Teclado,Periféricos,Norte,Ana Silva,3858,8,595.8652514361714,3262.13,Boa Vista,2.797129,-60.696161
2023-05-04,SSD,Periféricos,Leste,Eva Santos,7009,16,3519.0112816538667,3489.99,Desconhecida,,
2025-09-11,Webcam,Informática,Oeste,Carla Dias,9103,3,1151.004579564898,7952.0,Desconhecida,,
2025-02-28,SSD,Armazenamento,Oeste,Diego Lima,7842,13,2239.602254964293,5602.4,Desconhecida,,
2024-02-18,Teclado,Informática,Oeste,Carla Dias,6548,10,1590.77429156665,4957.23,Desconhecida,,
2024-11-16,Teclado,Periféricos,Norte,Carla Dias,7402,18,7073.165958660706,328.8299999999999,Macapá,0.040372,-51.117374
2023-04-23,Headphone,Informática,Sul,Diego Lima,11871,7,5687.449740500613,6183.55,Joinville,-26.270276,-48.801334
2025-06-06,Teclado,Informática,Norte,Ana Silva,1705,21,6958.223625263966,-5253.22,Boa Vista,2.839545,-60.673002
2023-05-02,Teclado,Periféricos,Oeste,Diego Lima,11975,21,3117.0256496177244,8857.97,Desconhecida,,
2023-02-08,Mouse,Armazenamento,Leste,Ana Silva,9017,5,2562.233849641067,6454.77,Desconhecida,,
2024-05-11,Headset,Informática,Oeste,Carla Dias,4337,23,3094.250583590315,1242.75,Desconhecida,,
2025-02-18,Headphone,Periféricos,Leste,Ana Silva,7917,25,226.90171013730716,7690.1,Desconhecida,,
2025-07-31,Memória RAM,Armazenamento,Sul,Eva Santos,186,27,5819.657859176581,-5633.66,Londrina,-23.257565,-51.202108
2023-05-29,Headphone,Periféricos,Leste,Diego Lima,1937,24,2850.19785860902,-913.1999999999998,Desconhecida,,
2025-10-18,Headphone,Informática,Norte,Eva Santos,6433,22,2561.52452432819,3871.48,Porto Velho,-8.71201,-63.926852
2024-10-22,Memória RAM,Armazenamento,Norte,Carla Dias,8210,7,4817.277237734621,3392.7200000000003,Boa Vista,2.864062,-60.697938
2023-10-29,Mouse,Armazenamento,Norte,Diego Lima,11069,25,3535.099300741746,7533.9,Manaus,-3.16495,-60.022135
2023-08-26,SSD,Periféricos,Leste,Carla Dias,8215,27,7848.279476333276,366.72000000000025,Desconhecida,,
2024-10-08,Teclado,Periféricos,Norte,Eva Santos,4030,22,2901.5240997585065,1128.48,Boa Vista,2.797284,-60.64295
2024-10-24,Headset,Periféricos,Norte,Carla Dias,6082,17,4942.055070286674,1139.9399999999996,Porto Velho,-8.76528,-63.886808
2023-08-24,Webcam,Armazenamento,Norte,Diego Lima,10236,4,2548.2767168284417,7687.719999999999,Palmas,-10.220059,-48.350151
2023-07-22,Memória RAM,Armazenamento,Sul,Diego Lima,8478,24,7925.512243268401,552.4899999999998,Joinville,-26.32648,-48.821117
2023-09-13,SSD,Informática,Leste,Carla Dias,6483,23,3605.279394983415,2877.72,Desconhecida,,
2024-08-20,Memória RAM,Armazenamento,Leste,Diego Lima,5909,16,5102.30018206508,806.6999999999998,Desconhecida,,
2024-10-23,Teclado,Informática,Oeste,Diego Lima,6635,19,1083.6356339452022,5551.36,Desconhecida,,
2023-08-23,Mouse,Periféricos,Leste,Carla Dias,11418,10,5885.551781720172,5532.45,Desconhecida,,
2024-06-17,Memória RAM,Periféricos,Sul,Eva Santos,5217,3,2212.1436583749264,3004.86,Maringá,-23.43474,-51.935408
2025-05-09,Teclado,Armazenamento,Leste,Diego Lima,811,27,3633.016962411001,-2822.02,Desconhecida,,
2025-02-08,Teclado,Periféricos,Sul,Diego Lima,8123,3,7074.413853633467,1048.59,Curitiba,-25.476515,-49.277798
2024-06-24,Mouse,Periféricos,Sul,Diego Lima,6536,28,7766.775917890003,-1230.7799999999995,Maringá,-23.408693,-51.93726
2023-08-01,Headphone,Armazenamento,Leste,Diego Lima,10152,17,3442.611046575628,6709.389999999999,Desconhecida,,
2024-04-07,Headphone,Informática,Oeste,Carla Dias,8037,10,6691.637130199639,1345.3599999999997,Desconhecida,,
2024-03-11,Headset,Armazenamento,Norte,Eva Santos,564,17,502.5240368348972,61.48000000000002,Porto Velho,-8.77906,-63.891501
2023-10-10,Headset,Informática,Norte,Eva Santos,7000,22,6792.786315938879,207.21000000000004,Rio Branco,-9.973827,-67.787157
